Name,Email,Phone Number,Address,Email_valid,Email_corrected
Suresh Kumar,rahul@outlook.com,6543210987.0,"Chennai, Tamil Nadu",True,rahul@outlook.com
Sunita Joshi,sunita@gmail.com,4321098765.0,"Bangalore, Karnataka",True,sunita@gmail.com
Rahul Verma,rahul@outlook.com,8765432109.0,"Hyderabad, Telangana",True,rahul@outlook.com
Anjali Yadav,vikram@yahoo.com,4321098765.0,"Pune, Maharashtra",True,vikram@yahoo.com
Priya Singh,sunita@gmail.com,3210987654.0,"Hyderabad, Telangana",True,sunita@gmail.com
Priya Singh,anjali@rediffmail.com,4321098765.0,"Lucknow, Uttar Pradesh",True,anjali@gmail.com
Anjali Yadav,rahul@outlook.com,1098765432.0,"Ahmedabad, Gujarat",True,rahul@outlook.com
Anjali Yadav,ravi@outlook.com,4321098765.0,"Lucknow, Uttar Pradesh",True,ravi@outlook.com
Vikram Rao,rahul@outlook.com,4321098765.0,"Pune, Maharashtra",True,rahul@outlook.com
Anjali Yadav,rahul@outlook.com,8765432109.0,"Hyderabad, Telangana",True,rahul@outlook.com
Neha Gupta,amit@gmail.com,8765432109.0,"Hyderabad, Telangana",True,amit@gmail.com
Suresh Kumar,neha@gmail.com,4321098765.0,"Ahmedabad, Gujarat",True,neha@gmail.com
Anjali Yadav,neha@gmail.com,4321098765.0,"Delhi, Delhi",True,neha@gmail.com
Priya Singh,rahul@outlook.com,3210987654.0,"Pune, Maharashtra",True,rahul@outlook.com
Rahul Verma,pooja@outlook.com,4321098765.0,"Ahmedabad, Gujarat",True,pooja@outlook.com
Rahul Verma,amit@gmail.com,1098765432.0,"Lucknow, Uttar Pradesh",True,amit@gmail.com
Anjali Yadav,pooja@outlook.com,2109876543.0,"Delhi, Delhi",True,pooja@outlook.com
Vikram Rao,pooja@outlook.com,9988776655.0,"Kolkata, West Bengal",True,pooja@outlook.com
Amit Sharma,rahul@outlook.com,6543210987.0,"Ahmedabad, Gujarat",True,rahul@outlook.com
Neha Gupta,ravi@outlook.com,1098765432.0,"Lucknow, Uttar Pradesh",True,ravi@outlook.com
Amit Sharma,rahul@outlook.com,6543210987.0,"Jaipur, Rajasthan",True,rahul@outlook.com
Suresh Kumar,sunita@gmail.com,2109876543.0,"Lucknow, Uttar Pradesh",True,sunita@gmail.com
Pooja Mehta,vikram@yahoo.com,1098765432.0,"Chennai, Tamil Nadu",True,vikram@yahoo.com
Amit Sharma,pooja@outlook.com,3210987654.0,"Pune, Maharashtra",True,pooja@outlook.com
Anjali Yadav,amit@gmail.com,6543210987.0,"Lucknow, Uttar Pradesh",True,amit@gmail.com
Vikram Rao,vikram@yahoo.com,8765432109.0,"Kolkata, West Bengal",True,vikram@yahoo.com
Neha Gupta,vikram@yahoo.com,1098765432.0,"Jaipur, Rajasthan",True,vikram@yahoo.com
Vikram Rao,rahul@outlook.com,1098765432.0,"Delhi, Delhi",True,rahul@outlook.com
Sunita Joshi,suresh@yahoo.com,9988776655.0,"Ahmedabad, Gujarat",True,suresh@yahoo.com
Pooja Mehta,pooja@outlook.com,8765432109.0,"Ahmedabad, Gujarat",True,pooja@outlook.com
Amit Sharma,rahul@outlook.com,5432109876.0,"Chennai, Tamil Nadu",True,rahul@outlook.com
Amit Sharma,suresh@yahoo.com,3210987654.0,"Pune, Maharashtra",True,suresh@yahoo.com
Neha Gupta,vikram@yahoo.com,6543210987.0,"Mumbai, Maharashtra",True,vikram@yahoo.com
Vikram Rao,amit@gmail.com,2109876543.0,"Hyderabad, Telangana",True,amit@gmail.com
Anjali Yadav,ravi@outlook.com,1098765432.0,"Bangalore, Karnataka",True,ravi@outlook.com
Pooja Mehta,rahul@outlook.com,5432109876.0,"Ahmedabad, Gujarat",True,rahul@outlook.com
Priya Singh,priya@yahoo.com,8765432109.0,"Jaipur, Rajasthan",True,priya@yahoo.com
Suresh Kumar,vikram@yahoo.com,6543210987.0,"Hyderabad, Telangana",True,vikram@yahoo.com
Anjali Yadav,neha@gmail.com,4321098765.0,"Kolkata, West Bengal",True,neha@gmail.com
Sunita Joshi,rahul@outlook.com,8765432109.0,"Chennai, Tamil Nadu",True,rahul@outlook.com
Ravi Patel,priya@yahoo.com,9876543210.0,"Mumbai, Maharashtra",True,priya@yahoo.com
Sunita Joshi,priya@yahoo.com,1098765432.0,"Delhi, Delhi",True,priya@yahoo.com
Anjali Yadav,anjali@rediffmail.com,4321098765.0,"Jaipur, Rajasthan",True,anjali@gmail.com
Amit Sharma,sunita@gmail.com,5432109876.0,"Delhi, Delhi",True,sunita@gmail.com
Ravi Patel,rahul@outlook.com,2109876543.0,"Kolkata, West Bengal",True,rahul@outlook.com
Rahul Verma,vikram@yahoo.com,6543210987.0,"Ahmedabad, Gujarat",True,vikram@yahoo.com
Anjali Yadav,vikram@yahoo.com,1098765432.0,"Hyderabad, Telangana",True,vikram@yahoo.com
Anjali Yadav,vikram@yahoo.com,1098765432.0,"Pune, Maharashtra",True,vikram@yahoo.com
Neha Gupta,rahul@outlook.com,6543210987.0,"Ahmedabad, Gujarat",True,rahul@outlook.com
Vikram Rao,vikram@yahoo.com,7654321098.0,"Jaipur, Rajasthan",True,vikram@yahoo.com
Sunita Joshi,amit@gmail.com,5432109876.0,"Mumbai, Maharashtra",True,amit@gmail.com
Amit Sharma,vikram@yahoo.com,4321098765.0,"Hyderabad, Telangana",True,vikram@yahoo.com
Neha Gupta,sunita@gmail.com,4321098765.0,"Pune, Maharashtra",True,sunita@gmail.com
Vikram Rao,anjali@rediffmail.com,7654321098.0,"Ahmedabad, Gujarat",True,anjali@gmail.com
Suresh Kumar,anjali@rediffmail.com,3210987654.0,"Ahmedabad, Gujarat",True,anjali@gmail.com
Vikram Rao,sunita@gmail.com,8765432109.0,"Delhi, Delhi",True,sunita@gmail.com
Suresh Kumar,neha@gmail.com,1098765432.0,"Chennai, Tamil Nadu",True,neha@gmail.com
Sunita Joshi,rahul@outlook.com,4321098765.0,"Mumbai, Maharashtra",True,rahul@outlook.com
Pooja Mehta,rahul@outlook.com,3210987654.0,"Chennai, Tamil Nadu",True,rahul@outlook.com
Ravi Patel,amit@gmail.com,7654321098.0,"Jaipur, Rajasthan",True,amit@gmail.com
Anjali Yadav,priya@yahoo.com,9876543210.0,"Pune, Maharashtra",True,priya@yahoo.com
Anjali Yadav,sunita@gmail.com,8765432109.0,"Bangalore, Karnataka",True,sunita@gmail.com
Ravi Patel,priya@yahoo.com,9988776655.0,"Ahmedabad, Gujarat",True,priya@yahoo.com
Vikram Rao,rahul@outlook.com,4321098765.0,"Hyderabad, Telangana",True,rahul@outlook.com
Pooja Mehta,ravi@outlook.com,3210987654.0,"Bangalore, Karnataka",True,ravi@outlook.com
Anjali Yadav,anjali@rediffmail.com,2109876543.0,"Mumbai, Maharashtra",True,anjali@gmail.com
Vikram Rao,pooja@outlook.com,9876543210.0,"Ahmedabad, Gujarat",True,pooja@outlook.com
Suresh Kumar,suresh@yahoo.com,7654321098.0,"Mumbai, Maharashtra",True,suresh@yahoo.com
Ravi Patel,ravi@outlook.com,9876543210.0,"Ahmedabad, Gujarat",True,ravi@outlook.com
Priya Singh,rahul@outlook.com,9988776655.0,"Lucknow, Uttar Pradesh",True,rahul@outlook.com
Anjali Yadav,sunita@gmail.com,1098765432.0,"Bangalore, Karnataka",True,sunita@gmail.com
Pooja Mehta,rahul@outlook.com,2109876543.0,"Ahmedabad, Gujarat",True,rahul@outlook.com
Priya Singh,priya@yahoo.com,7654321098.0,"Jaipur, Rajasthan",True,priya@yahoo.com
Sunita Joshi,sunita@gmail.com,4321098765.0,"Lucknow, Uttar Pradesh",True,sunita@gmail.com
Pooja Mehta,anjali@rediffmail.com,9876543210.0,"Pune, Maharashtra",True,anjali@gmail.com
Priya Singh,rahul@outlook.com,9876543210.0,"Ahmedabad, Gujarat",True,rahul@outlook.com
Vikram Rao,anjali@rediffmail.com,8765432109.0,"Delhi, Delhi",True,anjali@gmail.com
Amit Sharma,sunita@gmail.com,1098765432.0,"Jaipur, Rajasthan",True,sunita@gmail.com
Priya Singh,vikram@yahoo.com,3210987654.0,"Pune, Maharashtra",True,vikram@yahoo.com
Pooja Mehta,amit@gmail.com,1098765432.0,"Delhi, Delhi",True,amit@gmail.com
Sunita Joshi,anjali@rediffmail.com,2109876543.0,"Hyderabad, Telangana",True,anjali@gmail.com
Suresh Kumar,ravi@outlook.com,7654321098.0,"Chennai, Tamil Nadu",True,ravi@outlook.com
Vikram Rao,amit@gmail.com,5432109876.0,"Chennai, Tamil Nadu",True,amit@gmail.com
Vikram Rao,anjali@rediffmail.com,3210987654.0,"Delhi, Delhi",True,anjali@gmail.com
Anjali Yadav,amit@gmail.com,9988776655.0,"Lucknow, Uttar Pradesh",True,amit@gmail.com
Amit Sharma,anjali@rediffmail.com,8765432109.0,"Jaipur, Rajasthan",True,anjali@gmail.com
Pooja Mehta,rahul@outlook.com,5432109876.0,"Delhi, Delhi",True,rahul@outlook.com
Anjali Yadav,suresh@yahoo.com,1098765432.0,"Kolkata, West Bengal",True,suresh@yahoo.com
Anjali Yadav,amit@gmail.com,2109876543.0,"Jaipur, Rajasthan",True,amit@gmail.com
Neha Gupta,rahul@outlook.com,1098765432.0,"Ahmedabad, Gujarat",True,rahul@outlook.com
Neha Gupta,neha@gmail.com,5432109876.0,"Delhi, Delhi",True,neha@gmail.com
Suresh Kumar,anjali@rediffmail.com,9876543210.0,"Lucknow, Uttar Pradesh",True,anjali@gmail.com
Suresh Kumar,priya@yahoo.com,5432109876.0,"Lucknow, Uttar Pradesh",True,priya@yahoo.com
Ravi Patel,sunita@gmail.com,3210987654.0,"Lucknow, Uttar Pradesh",True,sunita@gmail.com
Sunita Joshi,rahul@outlook.com,8765432109.0,"Hyderabad, Telangana",True,rahul@outlook.com
Neha Gupta,amit@gmail.com,8765432109.0,"Ahmedabad, Gujarat",True,amit@gmail.com
Vikram Rao,ravi@outlook.com,3210987654.0,"Jaipur, Rajasthan",True,ravi@outlook.com
Suresh Kumar,pooja@outlook.com,7654321098.0,"Ahmedabad, Gujarat",True,pooja@outlook.com
Pooja Mehta,rahul@outlook.com,5432109876.0,"Hyderabad, Telangana",True,rahul@outlook.com
Rahul Verma,ravi@outlook.com,9876543210.0,"Chennai, Tamil Nadu",True,ravi@outlook.com
Suresh Kumar,neha@gmail.com,2109876543.0,"Mumbai, Maharashtra",True,neha@gmail.com
Sunita Joshi,vikram@yahoo.com,2109876543.0,"Jaipur, Rajasthan",True,vikram@yahoo.com
Sunita Joshi,amit@gmail.com,1098765432.0,"Pune, Maharashtra",True,amit@gmail.com
Sunita Joshi,vikram@yahoo.com,1098765432.0,"Jaipur, Rajasthan",True,vikram@yahoo.com
Suresh Kumar,ravi@outlook.com,1098765432.0,"Bangalore, Karnataka",True,ravi@outlook.com
Priya Singh,pooja@outlook.com,5432109876.0,"Jaipur, Rajasthan",True,pooja@outlook.com
Pooja Mehta,vikram@yahoo.com,6543210987.0,"Kolkata, West Bengal",True,vikram@yahoo.com
Pooja Mehta,vikram@yahoo.com,3210987654.0,"Ahmedabad, Gujarat",True,vikram@yahoo.com
Priya Singh,pooja@outlook.com,1098765432.0,"Hyderabad, Telangana",True,pooja@outlook.com
Vikram Rao,priya@yahoo.com,6543210987.0,"Delhi, Delhi",True,priya@yahoo.com
Pooja Mehta,pooja@outlook.com,4321098765.0,"Jaipur, Rajasthan",True,pooja@outlook.com
Anjali Yadav,sunita@gmail.com,3210987654.0,"Hyderabad, Telangana",True,sunita@gmail.com
Anjali Yadav,sunita@gmail.com,9876543210.0,"Mumbai, Maharashtra",True,sunita@gmail.com
Sunita Joshi,rahul@outlook.com,1098765432.0,"Ahmedabad, Gujarat",True,rahul@outlook.com
Neha Gupta,sunita@gmail.com,1098765432.0,"Bangalore, Karnataka",True,sunita@gmail.com
Vikram Rao,anjali@rediffmail.com,3210987654.0,"Ahmedabad, Gujarat",True,anjali@gmail.com
Amit Sharma,sunita@gmail.com,3210987654.0,"Lucknow, Uttar Pradesh",True,sunita@gmail.com
Anjali Yadav,ravi@outlook.com,8765432109.0,"Kolkata, West Bengal",True,ravi@outlook.com
Anjali Yadav,suresh@yahoo.com,1098765432.0,"Bangalore, Karnataka",True,suresh@yahoo.com
Vikram Rao,suresh@yahoo.com,3210987654.0,"Ahmedabad, Gujarat",True,suresh@yahoo.com
Anjali Yadav,suresh@yahoo.com,9876543210.0,"Delhi, Delhi",True,suresh@yahoo.com
Neha Gupta,sunita@gmail.com,5432109876.0,"Lucknow, Uttar Pradesh",True,sunita@gmail.com
Rahul Verma,neha@gmail.com,5432109876.0,"Chennai, Tamil Nadu",True,neha@gmail.com
Suresh Kumar,ravi@outlook.com,4321098765.0,"Bangalore, Karnataka",True,ravi@outlook.com
Rahul Verma,rahul@outlook.com,6543210987.0,"Kolkata, West Bengal",True,rahul@outlook.com
Suresh Kumar,anjali@rediffmail.com,9876543210.0,"Hyderabad, Telangana",True,anjali@gmail.com
Sunita Joshi,sunita@gmail.com,9876543210.0,"Chennai, Tamil Nadu",True,sunita@gmail.com
Anjali Yadav,rahul@outlook.com,4321098765.0,"Chennai, Tamil Nadu",True,rahul@outlook.com
Neha Gupta,rahul@outlook.com,5432109876.0,"Bangalore, Karnataka",True,rahul@outlook.com
Neha Gupta,anjali@rediffmail.com,5432109876.0,"Hyderabad, Telangana",True,anjali@gmail.com
Ravi Patel,pooja@outlook.com,9988776655.0,"Ahmedabad, Gujarat",True,pooja@outlook.com
Anjali Yadav,suresh@yahoo.com,8765432109.0,"Mumbai, Maharashtra",True,suresh@yahoo.com
Anjali Yadav,suresh@yahoo.com,9988776655.0,"Bangalore, Karnataka",True,suresh@yahoo.com
Ravi Patel,suresh@yahoo.com,6543210987.0,"Ahmedabad, Gujarat",True,suresh@yahoo.com
Ravi Patel,ravi@outlook.com,5432109876.0,"Jaipur, Rajasthan",True,ravi@outlook.com
Pooja Mehta,vikram@yahoo.com,9988776655.0,"Ahmedabad, Gujarat",True,vikram@yahoo.com
Neha Gupta,amit@gmail.com,6543210987.0,"Bangalore, Karnataka",True,amit@gmail.com
Neha Gupta,priya@yahoo.com,9876543210.0,"Ahmedabad, Gujarat",True,priya@yahoo.com
Rahul Verma,rahul@outlook.com,9988776655.0,"Mumbai, Maharashtra",True,rahul@outlook.com
Ravi Patel,sunita@gmail.com,8765432109.0,"Jaipur, Rajasthan",True,sunita@gmail.com
Anjali Yadav,neha@gmail.com,6543210987.0,"Bangalore, Karnataka",True,neha@gmail.com
Rahul Verma,suresh@yahoo.com,1098765432.0,"Lucknow, Uttar Pradesh",True,suresh@yahoo.com
Ravi Patel,rahul@outlook.com,2109876543.0,"Delhi, Delhi",True,rahul@outlook.com
Amit Sharma,sunita@gmail.com,8765432109.0,"Bangalore, Karnataka",True,sunita@gmail.com
Sunita Joshi,anjali@rediffmail.com,5432109876.0,"Ahmedabad, Gujarat",True,anjali@gmail.com
Suresh Kumar,suresh@yahoo.com,5432109876.0,"Ahmedabad, Gujarat",True,suresh@yahoo.com
Neha Gupta,rahul@outlook.com,1098765432.0,"Bangalore, Karnataka",True,rahul@outlook.com
Suresh Kumar,suresh@yahoo.com,4321098765.0,"Ahmedabad, Gujarat",True,suresh@yahoo.com
Suresh Kumar,suresh@yahoo.com,5432109876.0,"Lucknow, Uttar Pradesh",True,suresh@yahoo.com
Rahul Verma,pooja@outlook.com,7654321098.0,"Chennai, Tamil Nadu",True,pooja@outlook.com
Suresh Kumar,anjali@rediffmail.com,8765432109.0,"Ahmedabad, Gujarat",True,anjali@gmail.com
Pooja Mehta,ravi@outlook.com,1098765432.0,"Kolkata, West Bengal",True,ravi@outlook.com
Priya Singh,anjali@rediffmail.com,5432109876.0,"Lucknow, Uttar Pradesh",True,anjali@gmail.com
Rahul Verma,ravi@outlook.com,6543210987.0,"Bangalore, Karnataka",True,ravi@outlook.com
Vikram Rao,amit@gmail.com,4321098765.0,"Pune, Maharashtra",True,amit@gmail.com
Rahul Verma,rahul@outlook.com,8765432109.0,"Ahmedabad, Gujarat",True,rahul@outlook.com
Priya Singh,amit@gmail.com,1098765432.0,"Bangalore, Karnataka",True,amit@gmail.com
Sunita Joshi,rahul@outlook.com,6543210987.0,"Mumbai, Maharashtra",True,rahul@outlook.com
Pooja Mehta,rahul@outlook.com,1098765432.0,"Ahmedabad, Gujarat",True,rahul@outlook.com
Sunita Joshi,priya@yahoo.com,1098765432.0,"Bangalore, Karnataka",True,priya@yahoo.com
Anjali Yadav,ravi@outlook.com,2109876543.0,"Pune, Maharashtra",True,ravi@outlook.com
Priya Singh,sunita@gmail.com,4321098765.0,"Chennai, Tamil Nadu",True,sunita@gmail.com
Amit Sharma,sunita@gmail.com,1098765432.0,"Bangalore, Karnataka",True,sunita@gmail.com
Amit Sharma,priya@yahoo.com,9876543210.0,"Kolkata, West Bengal",True,priya@yahoo.com
Ravi Patel,suresh@yahoo.com,7654321098.0,"Delhi, Delhi",True,suresh@yahoo.com
Anjali Yadav,amit@gmail.com,1098765432.0,"Mumbai, Maharashtra",True,amit@gmail.com
Ravi Patel,priya@yahoo.com,2109876543.0,"Hyderabad, Telangana",True,priya@yahoo.com
Anjali Yadav,amit@gmail.com,6543210987.0,"Mumbai, Maharashtra",True,amit@gmail.com
Ravi Patel,pooja@outlook.com,5432109876.0,"Ahmedabad, Gujarat",True,pooja@outlook.com
Priya Singh,suresh@yahoo.com,8765432109.0,"Ahmedabad, Gujarat",True,suresh@yahoo.com
Neha Gupta,anjali@rediffmail.com,1098765432.0,"Delhi, Delhi",True,anjali@gmail.com
Neha Gupta,rahul@outlook.com,5432109876.0,"Delhi, Delhi",True,rahul@outlook.com
Sunita Joshi,amit@gmail.com,3210987654.0,"Jaipur, Rajasthan",True,amit@gmail.com
Rahul Verma,neha@gmail.com,1098765432.0,"Hyderabad, Telangana",True,neha@gmail.com
Ravi Patel,amit@gmail.com,8765432109.0,"Mumbai, Maharashtra",True,amit@gmail.com
Vikram Rao,pooja@outlook.com,8765432109.0,"Pune, Maharashtra",True,pooja@outlook.com
Priya Singh,pooja@outlook.com,7654321098.0,"Bangalore, Karnataka",True,pooja@outlook.com
Amit Sharma,vikram@yahoo.com,1098765432.0,"Hyderabad, Telangana",True,vikram@yahoo.com
Ravi Patel,suresh@yahoo.com,3210987654.0,"Ahmedabad, Gujarat",True,suresh@yahoo.com
Neha Gupta,neha@gmail.com,7654321098.0,"Mumbai, Maharashtra",True,neha@gmail.com
Vikram Rao,rahul@outlook.com,9988776655.0,"Bangalore, Karnataka",True,rahul@outlook.com
Amit Sharma,vikram@yahoo.com,1098765432.0,"Delhi, Delhi",True,vikram@yahoo.com
Neha Gupta,suresh@yahoo.com,3210987654.0,"Delhi, Delhi",True,suresh@yahoo.com
Rahul Verma,rahul@outlook.com,6543210987.0,"Lucknow, Uttar Pradesh",True,rahul@outlook.com
Ravi Patel,amit@gmail.com,1098765432.0,"Kolkata, West Bengal",True,amit@gmail.com
Sunita Joshi,sunita@gmail.com,3210987654.0,"Ahmedabad, Gujarat",True,sunita@gmail.com
Suresh Kumar,suresh@yahoo.com,8765432109.0,"Delhi, Delhi",True,suresh@yahoo.com
Ravi Patel,amit@gmail.com,5432109876.0,"Hyderabad, Telangana",True,amit@gmail.com
Sunita Joshi,neha@gmail.com,1098765432.0,"Kolkata, West Bengal",True,neha@gmail.com
Priya Singh,neha@gmail.com,2109876543.0,"Hyderabad, Telangana",True,neha@gmail.com
Amit Sharma,priya@yahoo.com,1098765432.0,"Pune, Maharashtra",True,priya@yahoo.com
Pooja Mehta,sunita@gmail.com,4321098765.0,"Delhi, Delhi",True,sunita@gmail.com
Neha Gupta,neha@gmail.com,2109876543.0,"Kolkata, West Bengal",True,neha@gmail.com
Vikram Rao,rahul@outlook.com,8765432109.0,"Pune, Maharashtra",True,rahul@outlook.com
Anjali Yadav,pooja@outlook.com,9988776655.0,"Lucknow, Uttar Pradesh",True,pooja@outlook.com
Vikram Rao,ravi@outlook.com,4321098765.0,"Kolkata, West Bengal",True,ravi@outlook.com
Sunita Joshi,sunita@gmail.com,3210987654.0,"Lucknow, Uttar Pradesh",True,sunita@gmail.com
Rahul Verma,suresh@yahoo.com,3210987654.0,"Ahmedabad, Gujarat",True,suresh@yahoo.com
Sunita Joshi,sunita@gmail.com,1098765432.0,"Pune, Maharashtra",True,sunita@gmail.com
Anjali Yadav,pooja@outlook.com,1098765432.0,"Lucknow, Uttar Pradesh",True,pooja@outlook.com
Rahul Verma,vikram@yahoo.com,7654321098.0,"Ahmedabad, Gujarat",True,vikram@yahoo.com
Anjali Yadav,ravi@outlook.com,4321098765.0,"Chennai, Tamil Nadu",True,ravi@outlook.com
Priya Singh,amit@gmail.com,2109876543.0,"Bangalore, Karnataka",True,amit@gmail.com
Ravi Patel,neha@gmail.com,6543210987.0,"Lucknow, Uttar Pradesh",True,neha@gmail.com
Suresh Kumar,vikram@yahoo.com,5432109876.0,"Delhi, Delhi",True,vikram@yahoo.com
Amit Sharma,amit@gmail.com,8765432109.0,"Hyderabad, Telangana",True,amit@gmail.com
Pooja Mehta,rahul@outlook.com,2109876543.0,"Mumbai, Maharashtra",True,rahul@outlook.com
Sunita Joshi,anjali@rediffmail.com,1098765432.0,"Kolkata, West Bengal",True,anjali@gmail.com
Amit Sharma,sunita@gmail.com,1098765432.0,"Mumbai, Maharashtra",True,sunita@gmail.com
Ravi Patel,neha@gmail.com,6543210987.0,"Jaipur, Rajasthan",True,neha@gmail.com
Ravi Patel,sunita@gmail.com,1098765432.0,"Ahmedabad, Gujarat",True,sunita@gmail.com
Amit Sharma,suresh@yahoo.com,9876543210.0,"Bangalore, Karnataka",True,suresh@yahoo.com
Sunita Joshi,anjali@rediffmail.com,9876543210.0,"Ahmedabad, Gujarat",True,anjali@gmail.com
Pooja Mehta,neha@gmail.com,2109876543.0,"Jaipur, Rajasthan",True,neha@gmail.com
Sunita Joshi,sunita@gmail.com,9988776655.0,"Jaipur, Rajasthan",True,sunita@gmail.com
Anjali Yadav,sunita@gmail.com,9876543210.0,"Mumbai, Maharashtra",True,sunita@gmail.com
Anjali Yadav,suresh@yahoo.com,1098765432.0,"Lucknow, Uttar Pradesh",True,suresh@yahoo.com
Vikram Rao,ravi@outlook.com,9876543210.0,"Kolkata, West Bengal",True,ravi@outlook.com
Pooja Mehta,rahul@outlook.com,3210987654.0,"Ahmedabad, Gujarat",True,rahul@outlook.com
Pooja Mehta,vikram@yahoo.com,3210987654.0,"Mumbai, Maharashtra",True,vikram@yahoo.com
Rahul Verma,vikram@yahoo.com,7654321098.0,"Ahmedabad, Gujarat",True,vikram@yahoo.com
Suresh Kumar,rahul@outlook.com,6543210987.0,"Mumbai, Maharashtra",True,rahul@outlook.com
Suresh Kumar,sunita@gmail.com,7654321098.0,"Ahmedabad, Gujarat",True,sunita@gmail.com
Anjali Yadav,neha@gmail.com,4321098765.0,"Hyderabad, Telangana",True,neha@gmail.com
Amit Sharma,rahul@outlook.com,2109876543.0,"Ahmedabad, Gujarat",True,rahul@outlook.com
Anjali Yadav,rahul@outlook.com,1098765432.0,"Pune, Maharashtra",True,rahul@outlook.com
Neha Gupta,ravi@outlook.com,9988776655.0,"Bangalore, Karnataka",True,ravi@outlook.com
Suresh Kumar,rahul@outlook.com,2109876543.0,"Delhi, Delhi",True,rahul@outlook.com
Suresh Kumar,pooja@outlook.com,1098765432.0,"Lucknow, Uttar Pradesh",True,pooja@outlook.com
Neha Gupta,anjali@rediffmail.com,7654321098.0,"Ahmedabad, Gujarat",True,anjali@gmail.com
Anjali Yadav,amit@gmail.com,5432109876.0,"Delhi, Delhi",True,amit@gmail.com
Ravi Patel,rahul@outlook.com,7654321098.0,"Chennai, Tamil Nadu",True,rahul@outlook.com
Vikram Rao,neha@gmail.com,6543210987.0,"Delhi, Delhi",True,neha@gmail.com
Pooja Mehta,suresh@yahoo.com,9876543210.0,"Chennai, Tamil Nadu",True,suresh@yahoo.com
Anjali Yadav,rahul@outlook.com,1098765432.0,"Hyderabad, Telangana",True,rahul@outlook.com
Pooja Mehta,pooja@outlook.com,1098765432.0,"Ahmedabad, Gujarat",True,pooja@outlook.com
Rahul Verma,amit@gmail.com,5432109876.0,"Ahmedabad, Gujarat",True,amit@gmail.com
Anjali Yadav,pooja@outlook.com,5432109876.0,"Hyderabad, Telangana",True,pooja@outlook.com
Pooja Mehta,sunita@gmail.com,7654321098.0,"Hyderabad, Telangana",True,sunita@gmail.com
Amit Sharma,sunita@gmail.com,1098765432.0,"Delhi, Delhi",True,sunita@gmail.com
Ravi Patel,neha@gmail.com,9988776655.0,"Ahmedabad, Gujarat",True,neha@gmail.com
Suresh Kumar,sunita@gmail.com,1098765432.0,"Ahmedabad, Gujarat",True,sunita@gmail.com
Sunita Joshi,rahul@outlook.com,8765432109.0,"Bangalore, Karnataka",True,rahul@outlook.com
Anjali Yadav,rahul@outlook.com,4321098765.0,"Lucknow, Uttar Pradesh",True,rahul@outlook.com
Vikram Rao,pooja@outlook.com,4321098765.0,"Bangalore, Karnataka",True,pooja@outlook.com
Rahul Verma,rahul@outlook.com,1098765432.0,"Hyderabad, Telangana",True,rahul@outlook.com
Amit Sharma,amit@gmail.com,1098765432.0,"Kolkata, West Bengal",True,amit@gmail.com
Rahul Verma,vikram@yahoo.com,8765432109.0,"Jaipur, Rajasthan",True,vikram@yahoo.com
Anjali Yadav,rahul@outlook.com,4321098765.0,"Pune, Maharashtra",True,rahul@outlook.com
Ravi Patel,priya@yahoo.com,1098765432.0,"Jaipur, Rajasthan",True,priya@yahoo.com
Anjali Yadav,sunita@gmail.com,1098765432.0,"Ahmedabad, Gujarat",True,sunita@gmail.com
Rahul Verma,neha@gmail.com,2109876543.0,"Delhi, Delhi",True,neha@gmail.com
Vikram Rao,ravi@outlook.com,7654321098.0,"Hyderabad, Telangana",True,ravi@outlook.com
Neha Gupta,rahul@outlook.com,4321098765.0,"Jaipur, Rajasthan",True,rahul@outlook.com
Neha Gupta,anjali@rediffmail.com,8765432109.0,"Mumbai, Maharashtra",True,anjali@gmail.com
Ravi Patel,suresh@yahoo.com,8765432109.0,"Mumbai, Maharashtra",True,suresh@yahoo.com
Neha Gupta,anjali@rediffmail.com,6543210987.0,"Bangalore, Karnataka",True,anjali@gmail.com
Anjali Yadav,ravi@outlook.com,9988776655.0,"Hyderabad, Telangana",True,ravi@outlook.com
Anjali Yadav,pooja@outlook.com,3210987654.0,"Chennai, Tamil Nadu",True,pooja@outlook.com
Ravi Patel,anjali@rediffmail.com,5432109876.0,"Chennai, Tamil Nadu",True,anjali@gmail.com
Suresh Kumar,rahul@outlook.com,8765432109.0,"Kolkata, West Bengal",True,rahul@outlook.com
Sunita Joshi,priya@yahoo.com,1098765432.0,"Lucknow, Uttar Pradesh",True,priya@yahoo.com
Sunita Joshi,pooja@outlook.com,1098765432.0,"Hyderabad, Telangana",True,pooja@outlook.com
Neha Gupta,ravi@outlook.com,2109876543.0,"Hyderabad, Telangana",True,ravi@outlook.com
Amit Sharma,rahul@outlook.com,9988776655.0,"Delhi, Delhi",True,rahul@outlook.com
Suresh Kumar,pooja@outlook.com,8765432109.0,"Hyderabad, Telangana",True,pooja@outlook.com
Anjali Yadav,neha@gmail.com,9876543210.0,"Kolkata, West Bengal",True,neha@gmail.com
Ravi Patel,pooja@outlook.com,6543210987.0,"Pune, Maharashtra",True,pooja@outlook.com
Anjali Yadav,suresh@yahoo.com,1098765432.0,"Chennai, Tamil Nadu",True,suresh@yahoo.com
Anjali Yadav,neha@gmail.com,7654321098.0,"Lucknow, Uttar Pradesh",True,neha@gmail.com
Amit Sharma,ravi@outlook.com,6543210987.0,"Mumbai, Maharashtra",True,ravi@outlook.com
Ravi Patel,vikram@yahoo.com,5432109876.0,"Bangalore, Karnataka",True,vikram@yahoo.com
Ravi Patel,sunita@gmail.com,4321098765.0,"Jaipur, Rajasthan",True,sunita@gmail.com
Rahul Verma,amit@gmail.com,2109876543.0,"Chennai, Tamil Nadu",True,amit@gmail.com
Neha Gupta,sunita@gmail.com,1098765432.0,"Jaipur, Rajasthan",True,sunita@gmail.com
Anjali Yadav,sunita@gmail.com,5432109876.0,"Bangalore, Karnataka",True,sunita@gmail.com
Rahul Verma,pooja@outlook.com,9988776655.0,"Mumbai, Maharashtra",True,pooja@outlook.com
Vikram Rao,neha@gmail.com,5432109876.0,"Jaipur, Rajasthan",True,neha@gmail.com
Priya Singh,amit@gmail.com,7654321098.0,"Jaipur, Rajasthan",True,amit@gmail.com
Sunita Joshi,vikram@yahoo.com,2109876543.0,"Lucknow, Uttar Pradesh",True,vikram@yahoo.com
Ravi Patel,amit@gmail.com,9876543210.0,"Lucknow, Uttar Pradesh",True,amit@gmail.com
Vikram Rao,rahul@outlook.com,7654321098.0,"Ahmedabad, Gujarat",True,rahul@outlook.com
Anjali Yadav,anjali@rediffmail.com,1098765432.0,"Kolkata, West Bengal",True,anjali@gmail.com
Priya Singh,amit@gmail.com,2109876543.0,"Chennai, Tamil Nadu",True,amit@gmail.com
Pooja Mehta,rahul@outlook.com,6543210987.0,"Ahmedabad, Gujarat",True,rahul@outlook.com
Suresh Kumar,rahul@outlook.com,9988776655.0,"Ahmedabad, Gujarat",True,rahul@outlook.com
Vikram Rao,priya@yahoo.com,9988776655.0,"Lucknow, Uttar Pradesh",True,priya@yahoo.com
Priya Singh,anjali@rediffmail.com,1098765432.0,"Mumbai, Maharashtra",True,anjali@gmail.com
Suresh Kumar,suresh@yahoo.com,2109876543.0,"Jaipur, Rajasthan",True,suresh@yahoo.com
Anjali Yadav,amit@gmail.com,1098765432.0,"Jaipur, Rajasthan",True,amit@gmail.com
Priya Singh,rahul@outlook.com,3210987654.0,"Mumbai, Maharashtra",True,rahul@outlook.com
Priya Singh,anjali@rediffmail.com,5432109876.0,"Chennai, Tamil Nadu",True,anjali@gmail.com
Vikram Rao,amit@gmail.com,9876543210.0,"Pune, Maharashtra",True,amit@gmail.com
Sunita Joshi,suresh@yahoo.com,1098765432.0,"Delhi, Delhi",True,suresh@yahoo.com
Suresh Kumar,neha@gmail.com,9876543210.0,"Lucknow, Uttar Pradesh",True,neha@gmail.com
Anjali Yadav,amit@gmail.com,6543210987.0,"Kolkata, West Bengal",True,amit@gmail.com
Anjali Yadav,rahul@outlook.com,5432109876.0,"Delhi, Delhi",True,rahul@outlook.com
Rahul Verma,vikram@yahoo.com,6543210987.0,"Hyderabad, Telangana",True,vikram@yahoo.com
Vikram Rao,sunita@gmail.com,8765432109.0,"Kolkata, West Bengal",True,sunita@gmail.com
Ravi Patel,ravi@outlook.com,9988776655.0,"Mumbai, Maharashtra",True,ravi@outlook.com
Rahul Verma,pooja@outlook.com,7654321098.0,"Ahmedabad, Gujarat",True,pooja@outlook.com
Vikram Rao,sunita@gmail.com,9876543210.0,"Chennai, Tamil Nadu",True,sunita@gmail.com
Rahul Verma,vikram@yahoo.com,8765432109.0,"Pune, Maharashtra",True,vikram@yahoo.com
Anjali Yadav,neha@gmail.com,3210987654.0,"Chennai, Tamil Nadu",True,neha@gmail.com
Rahul Verma,pooja@outlook.com,1098765432.0,"Jaipur, Rajasthan",True,pooja@outlook.com
Sunita Joshi,suresh@yahoo.com,1098765432.0,"Pune, Maharashtra",True,suresh@yahoo.com
Anjali Yadav,amit@gmail.com,5432109876.0,"Mumbai, Maharashtra",True,amit@gmail.com
Anjali Yadav,priya@yahoo.com,7654321098.0,"Delhi, Delhi",True,priya@yahoo.com
Amit Sharma,ravi@outlook.com,1098765432.0,"Jaipur, Rajasthan",True,ravi@outlook.com
Neha Gupta,neha@gmail.com,9988776655.0,"Bangalore, Karnataka",True,neha@gmail.com
Priya Singh,sunita@gmail.com,4321098765.0,"Ahmedabad, Gujarat",True,sunita@gmail.com
Amit Sharma,priya@yahoo.com,3210987654.0,"Delhi, Delhi",True,priya@yahoo.com
Anjali Yadav,amit@gmail.com,4321098765.0,"Hyderabad, Telangana",True,amit@gmail.com
Ravi Patel,priya@yahoo.com,8765432109.0,"Jaipur, Rajasthan",True,priya@yahoo.com
Sunita Joshi,rahul@outlook.com,2109876543.0,"Chennai, Tamil Nadu",True,rahul@outlook.com
Anjali Yadav,anjali@rediffmail.com,1098765432.0,"Hyderabad, Telangana",True,anjali@gmail.com
Anjali Yadav,anjali@rediffmail.com,1098765432.0,"Chennai, Tamil Nadu",True,anjali@gmail.com
Anjali Yadav,pooja@outlook.com,9988776655.0,"Bangalore, Karnataka",True,pooja@outlook.com
Priya Singh,rahul@outlook.com,9988776655.0,"Ahmedabad, Gujarat",True,rahul@outlook.com
Anjali Yadav,vikram@yahoo.com,3210987654.0,"Bangalore, Karnataka",True,vikram@yahoo.com
Anjali Yadav,pooja@outlook.com,8765432109.0,"Bangalore, Karnataka",True,pooja@outlook.com
Anjali Yadav,rahul@outlook.com,9876543210.0,"Kolkata, West Bengal",True,rahul@outlook.com
Neha Gupta,rahul@outlook.com,4321098765.0,"Hyderabad, Telangana",True,rahul@outlook.com
Anjali Yadav,neha@gmail.com,2109876543.0,"Mumbai, Maharashtra",True,neha@gmail.com
Anjali Yadav,neha@gmail.com,7654321098.0,"Ahmedabad, Gujarat",True,neha@gmail.com
Neha Gupta,rahul@outlook.com,1098765432.0,"Hyderabad, Telangana",True,rahul@outlook.com
Vikram Rao,vikram@yahoo.com,2109876543.0,"Mumbai, Maharashtra",True,vikram@yahoo.com
Rahul Verma,priya@yahoo.com,4321098765.0,"Pune, Maharashtra",True,priya@yahoo.com
Neha Gupta,suresh@yahoo.com,1098765432.0,"Hyderabad, Telangana",True,suresh@yahoo.com
Amit Sharma,suresh@yahoo.com,8765432109.0,"Jaipur, Rajasthan",True,suresh@yahoo.com
Amit Sharma,suresh@yahoo.com,5432109876.0,"Pune, Maharashtra",True,suresh@yahoo.com
Amit Sharma,rahul@outlook.com,5432109876.0,"Jaipur, Rajasthan",True,rahul@outlook.com
Neha Gupta,anjali@rediffmail.com,9876543210.0,"Mumbai, Maharashtra",True,anjali@gmail.com
Rahul Verma,vikram@yahoo.com,2109876543.0,"Hyderabad, Telangana",True,vikram@yahoo.com
Ravi Patel,vikram@yahoo.com,9876543210.0,"Pune, Maharashtra",True,vikram@yahoo.com
Anjali Yadav,rahul@outlook.com,2109876543.0,"Chennai, Tamil Nadu",True,rahul@outlook.com
Anjali Yadav,ravi@outlook.com,9988776655.0,"Bangalore, Karnataka",True,ravi@outlook.com
Priya Singh,anjali@rediffmail.com,1098765432.0,"Hyderabad, Telangana",True,anjali@gmail.com
Anjali Yadav,ravi@outlook.com,6543210987.0,"Bangalore, Karnataka",True,ravi@outlook.com
Rahul Verma,rahul@outlook.com,9876543210.0,"Delhi, Delhi",True,rahul@outlook.com
Sunita Joshi,rahul@outlook.com,7654321098.0,"Ahmedabad, Gujarat",True,rahul@outlook.com
Anjali Yadav,sunita@gmail.com,7654321098.0,"Pune, Maharashtra",True,sunita@gmail.com
Amit Sharma,neha@gmail.com,6543210987.0,"Delhi, Delhi",True,neha@gmail.com
Priya Singh,rahul@outlook.com,5432109876.0,"Mumbai, Maharashtra",True,rahul@outlook.com
Rahul Verma,rahul@outlook.com,1098765432.0,"Delhi, Delhi",True,rahul@outlook.com
Ravi Patel,pooja@outlook.com,3210987654.0,"Ahmedabad, Gujarat",True,pooja@outlook.com
Anjali Yadav,vikram@yahoo.com,1098765432.0,"Kolkata, West Bengal",True,vikram@yahoo.com
Anjali Yadav,sunita@gmail.com,4321098765.0,"Pune, Maharashtra",True,sunita@gmail.com
Sunita Joshi,neha@gmail.com,2109876543.0,"Jaipur, Rajasthan",True,neha@gmail.com
Sunita Joshi,pooja@outlook.com,1098765432.0,"Lucknow, Uttar Pradesh",True,pooja@outlook.com
Pooja Mehta,pooja@outlook.com,6543210987.0,"Mumbai, Maharashtra",True,pooja@outlook.com
Neha Gupta,anjali@rediffmail.com,9876543210.0,"Hyderabad, Telangana",True,anjali@gmail.com
Neha Gupta,sunita@gmail.com,1098765432.0,"Ahmedabad, Gujarat",True,sunita@gmail.com
Priya Singh,neha@gmail.com,9876543210.0,"Ahmedabad, Gujarat",True,neha@gmail.com
Pooja Mehta,rahul@outlook.com,1098765432.0,"Hyderabad, Telangana",True,rahul@outlook.com
Priya Singh,priya@yahoo.com,9876543210.0,"Mumbai, Maharashtra",True,priya@yahoo.com
Rahul Verma,pooja@outlook.com,8765432109.0,"Hyderabad, Telangana",True,pooja@outlook.com
Suresh Kumar,amit@gmail.com,2109876543.0,"Ahmedabad, Gujarat",True,amit@gmail.com
Suresh Kumar,amit@gmail.com,5432109876.0,"Chennai, Tamil Nadu",True,amit@gmail.com
Ravi Patel,anjali@rediffmail.com,7654321098.0,"Mumbai, Maharashtra",True,anjali@gmail.com
Vikram Rao,rahul@outlook.com,1098765432.0,"Hyderabad, Telangana",True,rahul@outlook.com
Rahul Verma,rahul@outlook.com,9876543210.0,"Ahmedabad, Gujarat",True,rahul@outlook.com
Sunita Joshi,pooja@outlook.com,6543210987.0,"Bangalore, Karnataka",True,pooja@outlook.com
Priya Singh,priya@yahoo.com,2109876543.0,"Chennai, Tamil Nadu",True,priya@yahoo.com
Ravi Patel,amit@gmail.com,1098765432.0,"Delhi, Delhi",True,amit@gmail.com
Sunita Joshi,rahul@outlook.com,1098765432.0,"Jaipur, Rajasthan",True,rahul@outlook.com
Sunita Joshi,rahul@outlook.com,1098765432.0,"Bangalore, Karnataka",True,rahul@outlook.com
Vikram Rao,sunita@gmail.com,1098765432.0,"Ahmedabad, Gujarat",True,sunita@gmail.com
Priya Singh,ravi@outlook.com,4321098765.0,"Jaipur, Rajasthan",True,ravi@outlook.com
Rahul Verma,priya@yahoo.com,1098765432.0,"Kolkata, West Bengal",True,priya@yahoo.com
Vikram Rao,neha@gmail.com,3210987654.0,"Pune, Maharashtra",True,neha@gmail.com
Amit Sharma,sunita@gmail.com,1098765432.0,"Delhi, Delhi",True,sunita@gmail.com
Priya Singh,ravi@outlook.com,6543210987.0,"Kolkata, West Bengal",True,ravi@outlook.com
Vikram Rao,sunita@gmail.com,3210987654.0,"Mumbai, Maharashtra",True,sunita@gmail.com
Vikram Rao,rahul@outlook.com,8765432109.0,"Jaipur, Rajasthan",True,rahul@outlook.com
Pooja Mehta,rahul@outlook.com,7654321098.0,"Kolkata, West Bengal",True,rahul@outlook.com
Priya Singh,anjali@rediffmail.com,9988776655.0,"Bangalore, Karnataka",True,anjali@gmail.com
Anjali Yadav,rahul@outlook.com,2109876543.0,"Bangalore, Karnataka",True,rahul@outlook.com
Anjali Yadav,ravi@outlook.com,3210987654.0,"Kolkata, West Bengal",True,ravi@outlook.com
Anjali Yadav,rahul@outlook.com,1098765432.0,"Ahmedabad, Gujarat",True,rahul@outlook.com
Anjali Yadav,rahul@outlook.com,8765432109.0,"Pune, Maharashtra",True,rahul@outlook.com
Amit Sharma,neha@gmail.com,3210987654.0,"Kolkata, West Bengal",True,neha@gmail.com
Rahul Verma,neha@gmail.com,7654321098.0,"Chennai, Tamil Nadu",True,neha@gmail.com
Pooja Mehta,vikram@yahoo.com,7654321098.0,"Ahmedabad, Gujarat",True,vikram@yahoo.com
Anjali Yadav,priya@yahoo.com,2109876543.0,"Lucknow, Uttar Pradesh",True,priya@yahoo.com
Vikram Rao,sunita@gmail.com,4321098765.0,"Chennai, Tamil Nadu",True,sunita@gmail.com
Pooja Mehta,neha@gmail.com,4321098765.0,"Hyderabad, Telangana",True,neha@gmail.com
Anjali Yadav,pooja@outlook.com,4321098765.0,"Jaipur, Rajasthan",True,pooja@outlook.com
Sunita Joshi,ravi@outlook.com,1098765432.0,"Ahmedabad, Gujarat",True,ravi@outlook.com
Neha Gupta,pooja@outlook.com,4321098765.0,"Pune, Maharashtra",True,pooja@outlook.com
Ravi Patel,priya@yahoo.com,6543210987.0,"Chennai, Tamil Nadu",True,priya@yahoo.com
Neha Gupta,vikram@yahoo.com,4321098765.0,"Ahmedabad, Gujarat",True,vikram@yahoo.com
Priya Singh,sunita@gmail.com,1098765432.0,"Chennai, Tamil Nadu",True,sunita@gmail.com
Suresh Kumar,rahul@outlook.com,7654321098.0,"Bangalore, Karnataka",True,rahul@outlook.com
Anjali Yadav,ravi@outlook.com,2109876543.0,"Ahmedabad, Gujarat",True,ravi@outlook.com
Ravi Patel,rahul@outlook.com,9876543210.0,"Mumbai, Maharashtra",True,rahul@outlook.com
Anjali Yadav,rahul@outlook.com,1098765432.0,"Bangalore, Karnataka",True,rahul@outlook.com
Anjali Yadav,ravi@outlook.com,3210987654.0,"Ahmedabad, Gujarat",True,ravi@outlook.com
Ravi Patel,amit@gmail.com,6543210987.0,"Lucknow, Uttar Pradesh",True,amit@gmail.com
Ravi Patel,rahul@outlook.com,2109876543.0,"Pune, Maharashtra",True,rahul@outlook.com
Anjali Yadav,rahul@outlook.com,2109876543.0,"Lucknow, Uttar Pradesh",True,rahul@outlook.com
Rahul Verma,rahul@outlook.com,6543210987.0,"Kolkata, West Bengal",True,rahul@outlook.com
Anjali Yadav,amit@gmail.com,8765432109.0,"Chennai, Tamil Nadu",True,amit@gmail.com
Neha Gupta,rahul@outlook.com,5432109876.0,"Jaipur, Rajasthan",True,rahul@outlook.com
Rahul Verma,neha@gmail.com,4321098765.0,"Bangalore, Karnataka",True,neha@gmail.com
Sunita Joshi,anjali@rediffmail.com,6543210987.0,"Jaipur, Rajasthan",True,anjali@gmail.com
Anjali Yadav,pooja@outlook.com,8765432109.0,"Lucknow, Uttar Pradesh",True,pooja@outlook.com
Pooja Mehta,pooja@outlook.com,9876543210.0,"Mumbai, Maharashtra",True,pooja@outlook.com
Suresh Kumar,rahul@outlook.com,3210987654.0,"Lucknow, Uttar Pradesh",True,rahul@outlook.com
Anjali Yadav,vikram@yahoo.com,9876543210.0,"Chennai, Tamil Nadu",True,vikram@yahoo.com
Sunita Joshi,amit@gmail.com,3210987654.0,"Ahmedabad, Gujarat",True,amit@gmail.com
Anjali Yadav,vikram@yahoo.com,1098765432.0,"Chennai, Tamil Nadu",True,vikram@yahoo.com
Vikram Rao,pooja@outlook.com,1098765432.0,"Bangalore, Karnataka",True,pooja@outlook.com
Anjali Yadav,sunita@gmail.com,9876543210.0,"Lucknow, Uttar Pradesh",True,sunita@gmail.com
Priya Singh,neha@gmail.com,8765432109.0,"Kolkata, West Bengal",True,neha@gmail.com
Ravi Patel,ravi@outlook.com,6543210987.0,"Ahmedabad, Gujarat",True,ravi@outlook.com
Ravi Patel,suresh@yahoo.com,7654321098.0,"Mumbai, Maharashtra",True,suresh@yahoo.com
Suresh Kumar,rahul@outlook.com,2109876543.0,"Jaipur, Rajasthan",True,rahul@outlook.com
Sunita Joshi,priya@yahoo.com,9988776655.0,"Jaipur, Rajasthan",True,priya@yahoo.com
Amit Sharma,neha@gmail.com,3210987654.0,"Jaipur, Rajasthan",True,neha@gmail.com
Anjali Yadav,amit@gmail.com,9988776655.0,"Hyderabad, Telangana",True,amit@gmail.com
Anjali Yadav,ravi@outlook.com,7654321098.0,"Delhi, Delhi",True,ravi@outlook.com
Anjali Yadav,rahul@outlook.com,1098765432.0,"Bangalore, Karnataka",True,rahul@outlook.com
Sunita Joshi,rahul@outlook.com,6543210987.0,"Delhi, Delhi",True,rahul@outlook.com
Pooja Mehta,pooja@outlook.com,9876543210.0,"Ahmedabad, Gujarat",True,pooja@outlook.com
Suresh Kumar,anjali@rediffmail.com,1098765432.0,"Mumbai, Maharashtra",True,anjali@gmail.com
Amit Sharma,pooja@outlook.com,1098765432.0,"Mumbai, Maharashtra",True,pooja@outlook.com
Vikram Rao,suresh@yahoo.com,8765432109.0,"Jaipur, Rajasthan",True,suresh@yahoo.com
Rahul Verma,sunita@gmail.com,2109876543.0,"Ahmedabad, Gujarat",True,sunita@gmail.com
Pooja Mehta,priya@yahoo.com,9876543210.0,"Jaipur, Rajasthan",True,priya@yahoo.com
Priya Singh,neha@gmail.com,1098765432.0,"Chennai, Tamil Nadu",True,neha@gmail.com
Rahul Verma,priya@yahoo.com,3210987654.0,"Ahmedabad, Gujarat",True,priya@yahoo.com
Amit Sharma,sunita@gmail.com,7654321098.0,"Pune, Maharashtra",True,sunita@gmail.com
Neha Gupta,rahul@outlook.com,9876543210.0,"Pune, Maharashtra",True,rahul@outlook.com
Vikram Rao,priya@yahoo.com,1098765432.0,"Pune, Maharashtra",True,priya@yahoo.com
Vikram Rao,pooja@outlook.com,9988776655.0,"Pune, Maharashtra",True,pooja@outlook.com
Vikram Rao,pooja@outlook.com,6543210987.0,"Delhi, Delhi",True,pooja@outlook.com
Priya Singh,amit@gmail.com,7654321098.0,"Kolkata, West Bengal",True,amit@gmail.com
Rahul Verma,amit@gmail.com,1098765432.0,"Hyderabad, Telangana",True,amit@gmail.com
Anjali Yadav,sunita@gmail.com,6543210987.0,"Ahmedabad, Gujarat",True,sunita@gmail.com
Ravi Patel,sunita@gmail.com,4321098765.0,"Bangalore, Karnataka",True,sunita@gmail.com
Anjali Yadav,vikram@yahoo.com,1098765432.0,"Bangalore, Karnataka",True,vikram@yahoo.com
Anjali Yadav,neha@gmail.com,6543210987.0,"Pune, Maharashtra",True,neha@gmail.com
Ravi Patel,neha@gmail.com,9988776655.0,"Mumbai, Maharashtra",True,neha@gmail.com
Anjali Yadav,pooja@outlook.com,6543210987.0,"Kolkata, West Bengal",True,pooja@outlook.com
Anjali Yadav,priya@yahoo.com,4321098765.0,"Mumbai, Maharashtra",True,priya@yahoo.com
Ravi Patel,rahul@outlook.com,4321098765.0,"Delhi, Delhi",True,rahul@outlook.com
Pooja Mehta,amit@gmail.com,2109876543.0,"Ahmedabad, Gujarat",True,amit@gmail.com
Rahul Verma,suresh@yahoo.com,1098765432.0,"Hyderabad, Telangana",True,suresh@yahoo.com
Anjali Yadav,pooja@outlook.com,7654321098.0,"Ahmedabad, Gujarat",True,pooja@outlook.com
Ravi Patel,ravi@outlook.com,6543210987.0,"Kolkata, West Bengal",True,ravi@outlook.com
Amit Sharma,neha@gmail.com,1098765432.0,"Hyderabad, Telangana",True,neha@gmail.com
Vikram Rao,sunita@gmail.com,9988776655.0,"Pune, Maharashtra",True,sunita@gmail.com
Vikram Rao,neha@gmail.com,9876543210.0,"Chennai, Tamil Nadu",True,neha@gmail.com
Ravi Patel,sunita@gmail.com,8765432109.0,"Lucknow, Uttar Pradesh",True,sunita@gmail.com
Vikram Rao,rahul@outlook.com,3210987654.0,"Lucknow, Uttar Pradesh",True,rahul@outlook.com
Anjali Yadav,anjali@rediffmail.com,8765432109.0,"Jaipur, Rajasthan",True,anjali@gmail.com
Anjali Yadav,rahul@outlook.com,9988776655.0,"Chennai, Tamil Nadu",True,rahul@outlook.com
Vikram Rao,pooja@outlook.com,1098765432.0,"Hyderabad, Telangana",True,pooja@outlook.com
Ravi Patel,ravi@outlook.com,9988776655.0,"Lucknow, Uttar Pradesh",True,ravi@outlook.com
Vikram Rao,rahul@outlook.com,2109876543.0,"Pune, Maharashtra",True,rahul@outlook.com
Sunita Joshi,anjali@rediffmail.com,1098765432.0,"Mumbai, Maharashtra",True,anjali@gmail.com
Anjali Yadav,ravi@outlook.com,5432109876.0,"Chennai, Tamil Nadu",True,ravi@outlook.com
Amit Sharma,suresh@yahoo.com,6543210987.0,"Ahmedabad, Gujarat",True,suresh@yahoo.com
Amit Sharma,ravi@outlook.com,1098765432.0,"Chennai, Tamil Nadu",True,ravi@outlook.com
Anjali Yadav,anjali@rediffmail.com,9876543210.0,"Ahmedabad, Gujarat",True,anjali@gmail.com
Pooja Mehta,pooja@outlook.com,1098765432.0,"Pune, Maharashtra",True,pooja@outlook.com
Ravi Patel,rahul@outlook.com,8765432109.0,"Chennai, Tamil Nadu",True,rahul@outlook.com
Vikram Rao,neha@gmail.com,7654321098.0,"Jaipur, Rajasthan",True,neha@gmail.com
Sunita Joshi,sunita@gmail.com,4321098765.0,"Ahmedabad, Gujarat",True,sunita@gmail.com
Sunita Joshi,rahul@outlook.com,4321098765.0,"Ahmedabad, Gujarat",True,rahul@outlook.com
Priya Singh,ravi@outlook.com,3210987654.0,"Delhi, Delhi",True,ravi@outlook.com
Vikram Rao,ravi@outlook.com,9988776655.0,"Pune, Maharashtra",True,ravi@outlook.com
Vikram Rao,suresh@yahoo.com,1098765432.0,"Pune, Maharashtra",True,suresh@yahoo.com
Ravi Patel,rahul@outlook.com,9988776655.0,"Lucknow, Uttar Pradesh",True,rahul@outlook.com
Neha Gupta,priya@yahoo.com,7654321098.0,"Mumbai, Maharashtra",True,priya@yahoo.com
Vikram Rao,priya@yahoo.com,5432109876.0,"Lucknow, Uttar Pradesh",True,priya@yahoo.com
Rahul Verma,suresh@yahoo.com,1098765432.0,"Hyderabad, Telangana",True,suresh@yahoo.com
Anjali Yadav,rahul@outlook.com,9876543210.0,"Lucknow, Uttar Pradesh",True,rahul@outlook.com
Priya Singh,anjali@rediffmail.com,7654321098.0,"Jaipur, Rajasthan",True,anjali@gmail.com
Neha Gupta,rahul@outlook.com,5432109876.0,"Jaipur, Rajasthan",True,rahul@outlook.com
Anjali Yadav,pooja@outlook.com,5432109876.0,"Ahmedabad, Gujarat",True,pooja@outlook.com
Sunita Joshi,suresh@yahoo.com,4321098765.0,"Bangalore, Karnataka",True,suresh@yahoo.com
Pooja Mehta,rahul@outlook.com,9988776655.0,"Chennai, Tamil Nadu",True,rahul@outlook.com
Suresh Kumar,rahul@outlook.com,4321098765.0,"Ahmedabad, Gujarat",True,rahul@outlook.com
Anjali Yadav,priya@yahoo.com,9988776655.0,"Lucknow, Uttar Pradesh",True,priya@yahoo.com
Rahul Verma,vikram@yahoo.com,7654321098.0,"Pune, Maharashtra",True,vikram@yahoo.com
Vikram Rao,pooja@outlook.com,3210987654.0,"Jaipur, Rajasthan",True,pooja@outlook.com
Suresh Kumar,rahul@outlook.com,9988776655.0,"Bangalore, Karnataka",True,rahul@outlook.com
Neha Gupta,rahul@outlook.com,6543210987.0,"Lucknow, Uttar Pradesh",True,rahul@outlook.com
Amit Sharma,priya@yahoo.com,3210987654.0,"Jaipur, Rajasthan",True,priya@yahoo.com
Rahul Verma,rahul@outlook.com,1098765432.0,"Pune, Maharashtra",True,rahul@outlook.com
Priya Singh,priya@yahoo.com,4321098765.0,"Delhi, Delhi",True,priya@yahoo.com
Amit Sharma,rahul@outlook.com,9876543210.0,"Lucknow, Uttar Pradesh",True,rahul@outlook.com
Rahul Verma,ravi@outlook.com,9988776655.0,"Pune, Maharashtra",True,ravi@outlook.com
Priya Singh,suresh@yahoo.com,4321098765.0,"Chennai, Tamil Nadu",True,suresh@yahoo.com
Pooja Mehta,neha@gmail.com,5432109876.0,"Lucknow, Uttar Pradesh",True,neha@gmail.com
Neha Gupta,sunita@gmail.com,1098765432.0,"Delhi, Delhi",True,sunita@gmail.com
Suresh Kumar,amit@gmail.com,4321098765.0,"Delhi, Delhi",True,amit@gmail.com
Ravi Patel,ravi@outlook.com,1098765432.0,"Pune, Maharashtra",True,ravi@outlook.com
Vikram Rao,suresh@yahoo.com,3210987654.0,"Ahmedabad, Gujarat",True,suresh@yahoo.com
Vikram Rao,neha@gmail.com,1098765432.0,"Hyderabad, Telangana",True,neha@gmail.com
Anjali Yadav,suresh@yahoo.com,3210987654.0,"Lucknow, Uttar Pradesh",True,suresh@yahoo.com
Priya Singh,priya@yahoo.com,1098765432.0,"Delhi, Delhi",True,priya@yahoo.com
Amit Sharma,suresh@yahoo.com,9876543210.0,"Chennai, Tamil Nadu",True,suresh@yahoo.com
Ravi Patel,ravi@outlook.com,1098765432.0,"Kolkata, West Bengal",True,ravi@outlook.com
Sunita Joshi,ravi@outlook.com,9876543210.0,"Ahmedabad, Gujarat",True,ravi@outlook.com
Sunita Joshi,sunita@gmail.com,9876543210.0,"Ahmedabad, Gujarat",True,sunita@gmail.com
Anjali Yadav,suresh@yahoo.com,8765432109.0,"Delhi, Delhi",True,suresh@yahoo.com
Amit Sharma,rahul@outlook.com,5432109876.0,"Ahmedabad, Gujarat",True,rahul@outlook.com
Pooja Mehta,suresh@yahoo.com,7654321098.0,"Jaipur, Rajasthan",True,suresh@yahoo.com
Neha Gupta,priya@yahoo.com,2109876543.0,"Mumbai, Maharashtra",True,priya@yahoo.com
Ravi Patel,neha@gmail.com,7654321098.0,"Lucknow, Uttar Pradesh",True,neha@gmail.com
Ravi Patel,amit@gmail.com,5432109876.0,"Ahmedabad, Gujarat",True,amit@gmail.com
Anjali Yadav,suresh@yahoo.com,6543210987.0,"Lucknow, Uttar Pradesh",True,suresh@yahoo.com
Rahul Verma,pooja@outlook.com,5432109876.0,"Pune, Maharashtra",True,pooja@outlook.com
Pooja Mehta,pooja@outlook.com,7654321098.0,"Chennai, Tamil Nadu",True,pooja@outlook.com
Ravi Patel,amit@gmail.com,9988776655.0,"Bangalore, Karnataka",True,amit@gmail.com
Rahul Verma,sunita@gmail.com,7654321098.0,"Kolkata, West Bengal",True,sunita@gmail.com
Pooja Mehta,anjali@rediffmail.com,6543210987.0,"Mumbai, Maharashtra",True,anjali@gmail.com
Amit Sharma,priya@yahoo.com,7654321098.0,"Ahmedabad, Gujarat",True,priya@yahoo.com
Priya Singh,vikram@yahoo.com,1098765432.0,"Lucknow, Uttar Pradesh",True,vikram@yahoo.com
Priya Singh,rahul@outlook.com,9876543210.0,"Jaipur, Rajasthan",True,rahul@outlook.com
Vikram Rao,suresh@yahoo.com,6543210987.0,"Chennai, Tamil Nadu",True,suresh@yahoo.com
Amit Sharma,rahul@outlook.com,7654321098.0,"Delhi, Delhi",True,rahul@outlook.com
Rahul Verma,rahul@outlook.com,3210987654.0,"Bangalore, Karnataka",True,rahul@outlook.com
Pooja Mehta,rahul@outlook.com,8765432109.0,"Mumbai, Maharashtra",True,rahul@outlook.com
Pooja Mehta,ravi@outlook.com,3210987654.0,"Lucknow, Uttar Pradesh",True,ravi@outlook.com
Ravi Patel,rahul@outlook.com,8765432109.0,"Jaipur, Rajasthan",True,rahul@outlook.com
Anjali Yadav,neha@gmail.com,9876543210.0,"Chennai, Tamil Nadu",True,neha@gmail.com
Anjali Yadav,ravi@outlook.com,9876543210.0,"Hyderabad, Telangana",True,ravi@outlook.com
Pooja Mehta,sunita@gmail.com,5432109876.0,"Lucknow, Uttar Pradesh",True,sunita@gmail.com
Vikram Rao,amit@gmail.com,8765432109.0,"Kolkata, West Bengal",True,amit@gmail.com
Vikram Rao,suresh@yahoo.com,7654321098.0,"Ahmedabad, Gujarat",True,suresh@yahoo.com
Neha Gupta,sunita@gmail.com,2109876543.0,"Chennai, Tamil Nadu",True,sunita@gmail.com
Amit Sharma,amit@gmail.com,7654321098.0,"Hyderabad, Telangana",True,amit@gmail.com
Anjali Yadav,rahul@outlook.com,2109876543.0,"Ahmedabad, Gujarat",True,rahul@outlook.com
Amit Sharma,ravi@outlook.com,1098765432.0,"Bangalore, Karnataka",True,ravi@outlook.com
Amit Sharma,rahul@outlook.com,4321098765.0,"Bangalore, Karnataka",True,rahul@outlook.com
Rahul Verma,rahul@outlook.com,3210987654.0,"Chennai, Tamil Nadu",True,rahul@outlook.com
Priya Singh,rahul@outlook.com,1098765432.0,"Pune, Maharashtra",True,rahul@outlook.com
Pooja Mehta,suresh@yahoo.com,6543210987.0,"Mumbai, Maharashtra",True,suresh@yahoo.com
Priya Singh,pooja@outlook.com,8765432109.0,"Delhi, Delhi",True,pooja@outlook.com
Anjali Yadav,rahul@outlook.com,3210987654.0,"Ahmedabad, Gujarat",True,rahul@outlook.com
Pooja Mehta,rahul@outlook.com,6543210987.0,"Chennai, Tamil Nadu",True,rahul@outlook.com
Anjali Yadav,rahul@outlook.com,1098765432.0,"Jaipur, Rajasthan",True,rahul@outlook.com
Sunita Joshi,neha@gmail.com,8765432109.0,"Jaipur, Rajasthan",True,neha@gmail.com
Sunita Joshi,rahul@outlook.com,6543210987.0,"Hyderabad, Telangana",True,rahul@outlook.com
Neha Gupta,sunita@gmail.com,2109876543.0,"Bangalore, Karnataka",True,sunita@gmail.com
Rahul Verma,amit@gmail.com,3210987654.0,"Hyderabad, Telangana",True,amit@gmail.com
Pooja Mehta,vikram@yahoo.com,1098765432.0,"Hyderabad, Telangana",True,vikram@yahoo.com
Sunita Joshi,neha@gmail.com,7654321098.0,"Kolkata, West Bengal",True,neha@gmail.com
Neha Gupta,rahul@outlook.com,8765432109.0,"Ahmedabad, Gujarat",True,rahul@outlook.com
Pooja Mehta,priya@yahoo.com,1098765432.0,"Mumbai, Maharashtra",True,priya@yahoo.com
Anjali Yadav,rahul@outlook.com,8765432109.0,"Delhi, Delhi",True,rahul@outlook.com
Anjali Yadav,rahul@outlook.com,9988776655.0,"Kolkata, West Bengal",True,rahul@outlook.com
Anjali Yadav,priya@yahoo.com,1098765432.0,"Delhi, Delhi",True,priya@yahoo.com
Vikram Rao,vikram@yahoo.com,3210987654.0,"Delhi, Delhi",True,vikram@yahoo.com
Amit Sharma,anjali@rediffmail.com,5432109876.0,"Lucknow, Uttar Pradesh",True,anjali@gmail.com
Suresh Kumar,neha@gmail.com,1098765432.0,"Hyderabad, Telangana",True,neha@gmail.com
Amit Sharma,rahul@outlook.com,1098765432.0,"Ahmedabad, Gujarat",True,rahul@outlook.com
Pooja Mehta,rahul@outlook.com,9988776655.0,"Jaipur, Rajasthan",True,rahul@outlook.com
Rahul Verma,rahul@outlook.com,6543210987.0,"Delhi, Delhi",True,rahul@outlook.com
Suresh Kumar,ravi@outlook.com,8765432109.0,"Chennai, Tamil Nadu",True,ravi@outlook.com
Priya Singh,vikram@yahoo.com,9988776655.0,"Lucknow, Uttar Pradesh",True,vikram@yahoo.com
Pooja Mehta,neha@gmail.com,7654321098.0,"Jaipur, Rajasthan",True,neha@gmail.com
Sunita Joshi,pooja@outlook.com,1098765432.0,"Chennai, Tamil Nadu",True,pooja@outlook.com
Sunita Joshi,sunita@gmail.com,3210987654.0,"Delhi, Delhi",True,sunita@gmail.com
Priya Singh,suresh@yahoo.com,8765432109.0,"Ahmedabad, Gujarat",True,suresh@yahoo.com
Priya Singh,ravi@outlook.com,5432109876.0,"Delhi, Delhi",True,ravi@outlook.com
Anjali Yadav,rahul@outlook.com,8765432109.0,"Chennai, Tamil Nadu",True,rahul@outlook.com
Ravi Patel,pooja@outlook.com,9988776655.0,"Jaipur, Rajasthan",True,pooja@outlook.com
Amit Sharma,amit@gmail.com,1098765432.0,"Hyderabad, Telangana",True,amit@gmail.com
Rahul Verma,ravi@outlook.com,5432109876.0,"Jaipur, Rajasthan",True,ravi@outlook.com
Rahul Verma,anjali@rediffmail.com,4321098765.0,"Bangalore, Karnataka",True,anjali@gmail.com
Priya Singh,rahul@outlook.com,9988776655.0,"Kolkata, West Bengal",True,rahul@outlook.com
Anjali Yadav,amit@gmail.com,1098765432.0,"Ahmedabad, Gujarat",True,amit@gmail.com
Amit Sharma,sunita@gmail.com,9988776655.0,"Hyderabad, Telangana",True,sunita@gmail.com
Pooja Mehta,vikram@yahoo.com,4321098765.0,"Kolkata, West Bengal",True,vikram@yahoo.com
Priya Singh,neha@gmail.com,1098765432.0,"Jaipur, Rajasthan",True,neha@gmail.com
Anjali Yadav,rahul@outlook.com,7654321098.0,"Jaipur, Rajasthan",True,rahul@outlook.com
Vikram Rao,sunita@gmail.com,8765432109.0,"Hyderabad, Telangana",True,sunita@gmail.com
Priya Singh,rahul@outlook.com,6543210987.0,"Pune, Maharashtra",True,rahul@outlook.com
Neha Gupta,anjali@rediffmail.com,4321098765.0,"Mumbai, Maharashtra",True,anjali@gmail.com
Vikram Rao,ravi@outlook.com,3210987654.0,"Mumbai, Maharashtra",True,ravi@outlook.com
Ravi Patel,priya@yahoo.com,3210987654.0,"Ahmedabad, Gujarat",True,priya@yahoo.com
Anjali Yadav,pooja@outlook.com,9988776655.0,"Jaipur, Rajasthan",True,pooja@outlook.com
Ravi Patel,suresh@yahoo.com,7654321098.0,"Ahmedabad, Gujarat",True,suresh@yahoo.com
Pooja Mehta,amit@gmail.com,9876543210.0,"Hyderabad, Telangana",True,amit@gmail.com
Anjali Yadav,anjali@rediffmail.com,4321098765.0,"Delhi, Delhi",True,anjali@gmail.com
Rahul Verma,priya@yahoo.com,9876543210.0,"Ahmedabad, Gujarat",True,priya@yahoo.com
Sunita Joshi,vikram@yahoo.com,2109876543.0,"Chennai, Tamil Nadu",True,vikram@yahoo.com
Anjali Yadav,amit@gmail.com,1098765432.0,"Mumbai, Maharashtra",True,amit@gmail.com
Rahul Verma,ravi@outlook.com,1098765432.0,"Kolkata, West Bengal",True,ravi@outlook.com
Neha Gupta,neha@gmail.com,8765432109.0,"Pune, Maharashtra",True,neha@gmail.com
Anjali Yadav,vikram@yahoo.com,6543210987.0,"Delhi, Delhi",True,vikram@yahoo.com
Anjali Yadav,priya@yahoo.com,7654321098.0,"Hyderabad, Telangana",True,priya@yahoo.com
Pooja Mehta,priya@yahoo.com,1098765432.0,"Chennai, Tamil Nadu",True,priya@yahoo.com
Priya Singh,sunita@gmail.com,1098765432.0,"Bangalore, Karnataka",True,sunita@gmail.com
Neha Gupta,anjali@rediffmail.com,7654321098.0,"Delhi, Delhi",True,anjali@gmail.com
Anjali Yadav,rahul@outlook.com,3210987654.0,"Pune, Maharashtra",True,rahul@outlook.com
Anjali Yadav,rahul@outlook.com,8765432109.0,"Ahmedabad, Gujarat",True,rahul@outlook.com
Vikram Rao,pooja@outlook.com,5432109876.0,"Ahmedabad, Gujarat",True,pooja@outlook.com
Pooja Mehta,priya@yahoo.com,1098765432.0,"Bangalore, Karnataka",True,priya@yahoo.com
Pooja Mehta,anjali@rediffmail.com,5432109876.0,"Chennai, Tamil Nadu",True,anjali@gmail.com
Rahul Verma,suresh@yahoo.com,5432109876.0,"Ahmedabad, Gujarat",True,suresh@yahoo.com
Anjali Yadav,anjali@rediffmail.com,4321098765.0,"Bangalore, Karnataka",True,anjali@gmail.com
Suresh Kumar,neha@gmail.com,8765432109.0,"Lucknow, Uttar Pradesh",True,neha@gmail.com
Neha Gupta,amit@gmail.com,1098765432.0,"Delhi, Delhi",True,amit@gmail.com
Amit Sharma,sunita@gmail.com,7654321098.0,"Bangalore, Karnataka",True,sunita@gmail.com
Anjali Yadav,ravi@outlook.com,6543210987.0,"Hyderabad, Telangana",True,ravi@outlook.com
Priya Singh,neha@gmail.com,4321098765.0,"Delhi, Delhi",True,neha@gmail.com
Anjali Yadav,amit@gmail.com,9988776655.0,"Ahmedabad, Gujarat",True,amit@gmail.com
Neha Gupta,priya@yahoo.com,9876543210.0,"Ahmedabad, Gujarat",True,priya@yahoo.com
Suresh Kumar,neha@gmail.com,5432109876.0,"Lucknow, Uttar Pradesh",True,neha@gmail.com
Rahul Verma,rahul@outlook.com,9988776655.0,"Hyderabad, Telangana",True,rahul@outlook.com
Suresh Kumar,ravi@outlook.com,7654321098.0,"Pune, Maharashtra",True,ravi@outlook.com
Pooja Mehta,amit@gmail.com,4321098765.0,"Ahmedabad, Gujarat",True,amit@gmail.com
Amit Sharma,sunita@gmail.com,4321098765.0,"Jaipur, Rajasthan",True,sunita@gmail.com
Anjali Yadav,vikram@yahoo.com,9988776655.0,"Pune, Maharashtra",True,vikram@yahoo.com
Amit Sharma,rahul@outlook.com,2109876543.0,"Jaipur, Rajasthan",True,rahul@outlook.com
Priya Singh,anjali@rediffmail.com,7654321098.0,"Ahmedabad, Gujarat",True,anjali@gmail.com
Vikram Rao,sunita@gmail.com,4321098765.0,"Mumbai, Maharashtra",True,sunita@gmail.com
Anjali Yadav,vikram@yahoo.com,9988776655.0,"Ahmedabad, Gujarat",True,vikram@yahoo.com
Anjali Yadav,vikram@yahoo.com,5432109876.0,"Bangalore, Karnataka",True,vikram@yahoo.com
Suresh Kumar,suresh@yahoo.com,7654321098.0,"Hyderabad, Telangana",True,suresh@yahoo.com
Ravi Patel,suresh@yahoo.com,9988776655.0,"Pune, Maharashtra",True,suresh@yahoo.com
Pooja Mehta,rahul@outlook.com,1098765432.0,"Ahmedabad, Gujarat",True,rahul@outlook.com
Anjali Yadav,rahul@outlook.com,8765432109.0,"Pune, Maharashtra",True,rahul@outlook.com
Amit Sharma,priya@yahoo.com,6543210987.0,"Kolkata, West Bengal",True,priya@yahoo.com
Priya Singh,priya@yahoo.com,9876543210.0,"Pune, Maharashtra",True,priya@yahoo.com
Priya Singh,neha@gmail.com,1098765432.0,"Ahmedabad, Gujarat",True,neha@gmail.com
Sunita Joshi,rahul@outlook.com,9988776655.0,"Delhi, Delhi",True,rahul@outlook.com
Vikram Rao,ravi@outlook.com,7654321098.0,"Kolkata, West Bengal",True,ravi@outlook.com
Sunita Joshi,vikram@yahoo.com,7654321098.0,"Mumbai, Maharashtra",True,vikram@yahoo.com
Anjali Yadav,rahul@outlook.com,9876543210.0,"Bangalore, Karnataka",True,rahul@outlook.com
Vikram Rao,amit@gmail.com,9988776655.0,"Ahmedabad, Gujarat",True,amit@gmail.com
Sunita Joshi,priya@yahoo.com,1098765432.0,"Jaipur, Rajasthan",True,priya@yahoo.com
Vikram Rao,neha@gmail.com,4321098765.0,"Bangalore, Karnataka",True,neha@gmail.com
Anjali Yadav,neha@gmail.com,7654321098.0,"Jaipur, Rajasthan",True,neha@gmail.com
Amit Sharma,suresh@yahoo.com,9988776655.0,"Mumbai, Maharashtra",True,suresh@yahoo.com
Priya Singh,priya@yahoo.com,3210987654.0,"Ahmedabad, Gujarat",True,priya@yahoo.com
Ravi Patel,sunita@gmail.com,8765432109.0,"Hyderabad, Telangana",True,sunita@gmail.com
Amit Sharma,priya@yahoo.com,1098765432.0,"Jaipur, Rajasthan",True,priya@yahoo.com
Anjali Yadav,amit@gmail.com,2109876543.0,"Bangalore, Karnataka",True,amit@gmail.com
Priya Singh,anjali@rediffmail.com,2109876543.0,"Hyderabad, Telangana",True,anjali@gmail.com
Rahul Verma,vikram@yahoo.com,2109876543.0,"Mumbai, Maharashtra",True,vikram@yahoo.com
Ravi Patel,neha@gmail.com,8765432109.0,"Hyderabad, Telangana",True,neha@gmail.com
Suresh Kumar,neha@gmail.com,9876543210.0,"Jaipur, Rajasthan",True,neha@gmail.com
Ravi Patel,vikram@yahoo.com,7654321098.0,"Lucknow, Uttar Pradesh",True,vikram@yahoo.com
Sunita Joshi,ravi@outlook.com,9988776655.0,"Pune, Maharashtra",True,ravi@outlook.com
Vikram Rao,sunita@gmail.com,7654321098.0,"Mumbai, Maharashtra",True,sunita@gmail.com
Neha Gupta,neha@gmail.com,1098765432.0,"Delhi, Delhi",True,neha@gmail.com
Suresh Kumar,amit@gmail.com,1098765432.0,"Hyderabad, Telangana",True,amit@gmail.com
Vikram Rao,priya@yahoo.com,9876543210.0,"Ahmedabad, Gujarat",True,priya@yahoo.com
Neha Gupta,neha@gmail.com,2109876543.0,"Chennai, Tamil Nadu",True,neha@gmail.com
Anjali Yadav,rahul@outlook.com,8765432109.0,"Kolkata, West Bengal",True,rahul@outlook.com
Sunita Joshi,pooja@outlook.com,9876543210.0,"Chennai, Tamil Nadu",True,pooja@outlook.com
Pooja Mehta,sunita@gmail.com,3210987654.0,"Kolkata, West Bengal",True,sunita@gmail.com
Rahul Verma,rahul@outlook.com,8765432109.0,"Pune, Maharashtra",True,rahul@outlook.com
Priya Singh,pooja@outlook.com,2109876543.0,"Jaipur, Rajasthan",True,pooja@outlook.com
Ravi Patel,amit@gmail.com,9876543210.0,"Bangalore, Karnataka",True,amit@gmail.com
Rahul Verma,amit@gmail.com,1098765432.0,"Ahmedabad, Gujarat",True,amit@gmail.com
Rahul Verma,ravi@outlook.com,1098765432.0,"Ahmedabad, Gujarat",True,ravi@outlook.com
Sunita Joshi,pooja@outlook.com,3210987654.0,"Ahmedabad, Gujarat",True,pooja@outlook.com
Ravi Patel,pooja@outlook.com,5432109876.0,"Delhi, Delhi",True,pooja@outlook.com
Rahul Verma,vikram@yahoo.com,4321098765.0,"Ahmedabad, Gujarat",True,vikram@yahoo.com
Amit Sharma,suresh@yahoo.com,1098765432.0,"Hyderabad, Telangana",True,suresh@yahoo.com
Sunita Joshi,pooja@outlook.com,6543210987.0,"Pune, Maharashtra",True,pooja@outlook.com
Anjali Yadav,amit@gmail.com,5432109876.0,"Jaipur, Rajasthan",True,amit@gmail.com
Vikram Rao,rahul@outlook.com,9988776655.0,"Jaipur, Rajasthan",True,rahul@outlook.com
Anjali Yadav,anjali@rediffmail.com,1098765432.0,"Ahmedabad, Gujarat",True,anjali@gmail.com
Anjali Yadav,rahul@outlook.com,2109876543.0,"Ahmedabad, Gujarat",True,rahul@outlook.com
Anjali Yadav,pooja@outlook.com,3210987654.0,"Bangalore, Karnataka",True,pooja@outlook.com
Neha Gupta,neha@gmail.com,9988776655.0,"Lucknow, Uttar Pradesh",True,neha@gmail.com
Anjali Yadav,rahul@outlook.com,3210987654.0,"Jaipur, Rajasthan",True,rahul@outlook.com
Neha Gupta,rahul@outlook.com,7654321098.0,"Pune, Maharashtra",True,rahul@outlook.com
Vikram Rao,sunita@gmail.com,9876543210.0,"Lucknow, Uttar Pradesh",True,sunita@gmail.com
Ravi Patel,anjali@rediffmail.com,7654321098.0,"Jaipur, Rajasthan",True,anjali@gmail.com
Priya Singh,anjali@rediffmail.com,9988776655.0,"Ahmedabad, Gujarat",True,anjali@gmail.com
Anjali Yadav,sunita@gmail.com,8765432109.0,"Ahmedabad, Gujarat",True,sunita@gmail.com
Ravi Patel,rahul@outlook.com,7654321098.0,"Mumbai, Maharashtra",True,rahul@outlook.com
Anjali Yadav,suresh@yahoo.com,9876543210.0,"Lucknow, Uttar Pradesh",True,suresh@yahoo.com
Vikram Rao,anjali@rediffmail.com,1098765432.0,"Ahmedabad, Gujarat",True,anjali@gmail.com
Amit Sharma,anjali@rediffmail.com,1098765432.0,"Hyderabad, Telangana",True,anjali@gmail.com
Anjali Yadav,rahul@outlook.com,9988776655.0,"Ahmedabad, Gujarat",True,rahul@outlook.com
Priya Singh,vikram@yahoo.com,1098765432.0,"Mumbai, Maharashtra",True,vikram@yahoo.com
Anjali Yadav,ravi@outlook.com,5432109876.0,"Ahmedabad, Gujarat",True,ravi@outlook.com
Sunita Joshi,priya@yahoo.com,1098765432.0,"Mumbai, Maharashtra",True,priya@yahoo.com
Anjali Yadav,sunita@gmail.com,1098765432.0,"Ahmedabad, Gujarat",True,sunita@gmail.com
Suresh Kumar,priya@yahoo.com,6543210987.0,"Ahmedabad, Gujarat",True,priya@yahoo.com
Anjali Yadav,neha@gmail.com,8765432109.0,"Chennai, Tamil Nadu",True,neha@gmail.com
Sunita Joshi,amit@gmail.com,3210987654.0,"Ahmedabad, Gujarat",True,amit@gmail.com
Suresh Kumar,anjali@rediffmail.com,1098765432.0,"Delhi, Delhi",True,anjali@gmail.com
Vikram Rao,rahul@outlook.com,7654321098.0,"Jaipur, Rajasthan",True,rahul@outlook.com
Amit Sharma,anjali@rediffmail.com,1098765432.0,"Ahmedabad, Gujarat",True,anjali@gmail.com
Sunita Joshi,amit@gmail.com,3210987654.0,"Kolkata, West Bengal",True,amit@gmail.com
Neha Gupta,rahul@outlook.com,3210987654.0,"Kolkata, West Bengal",True,rahul@outlook.com
Rahul Verma,sunita@gmail.com,5432109876.0,"Pune, Maharashtra",True,sunita@gmail.com
Amit Sharma,priya@yahoo.com,4321098765.0,"Ahmedabad, Gujarat",True,priya@yahoo.com
Amit Sharma,sunita@gmail.com,5432109876.0,"Kolkata, West Bengal",True,sunita@gmail.com
Ravi Patel,anjali@rediffmail.com,2109876543.0,"Kolkata, West Bengal",True,anjali@gmail.com
Suresh Kumar,rahul@outlook.com,1098765432.0,"Bangalore, Karnataka",True,rahul@outlook.com
Ravi Patel,anjali@rediffmail.com,9876543210.0,"Jaipur, Rajasthan",True,anjali@gmail.com
Anjali Yadav,ravi@outlook.com,9876543210.0,"Jaipur, Rajasthan",True,ravi@outlook.com
Sunita Joshi,sunita@gmail.com,3210987654.0,"Pune, Maharashtra",True,sunita@gmail.com
Ravi Patel,sunita@gmail.com,9988776655.0,"Mumbai, Maharashtra",True,sunita@gmail.com
Ravi Patel,rahul@outlook.com,7654321098.0,"Lucknow, Uttar Pradesh",True,rahul@outlook.com
Amit Sharma,sunita@gmail.com,4321098765.0,"Delhi, Delhi",True,sunita@gmail.com
Neha Gupta,vikram@yahoo.com,1098765432.0,"Hyderabad, Telangana",True,vikram@yahoo.com
Rahul Verma,priya@yahoo.com,9988776655.0,"Hyderabad, Telangana",True,priya@yahoo.com
Suresh Kumar,rahul@outlook.com,9988776655.0,"Bangalore, Karnataka",True,rahul@outlook.com
Suresh Kumar,suresh@yahoo.com,9988776655.0,"Lucknow, Uttar Pradesh",True,suresh@yahoo.com
Anjali Yadav,neha@gmail.com,2109876543.0,"Ahmedabad, Gujarat",True,neha@gmail.com
Ravi Patel,vikram@yahoo.com,6543210987.0,"Jaipur, Rajasthan",True,vikram@yahoo.com
Neha Gupta,rahul@outlook.com,8765432109.0,"Pune, Maharashtra",True,rahul@outlook.com
Neha Gupta,priya@yahoo.com,1098765432.0,"Ahmedabad, Gujarat",True,priya@yahoo.com
Priya Singh,amit@gmail.com,1098765432.0,"Delhi, Delhi",True,amit@gmail.com
Neha Gupta,rahul@outlook.com,2109876543.0,"Ahmedabad, Gujarat",True,rahul@outlook.com
Suresh Kumar,suresh@yahoo.com,1098765432.0,"Pune, Maharashtra",True,suresh@yahoo.com
Neha Gupta,neha@gmail.com,3210987654.0,"Delhi, Delhi",True,neha@gmail.com
Rahul Verma,suresh@yahoo.com,9876543210.0,"Jaipur, Rajasthan",True,suresh@yahoo.com
Anjali Yadav,anjali@rediffmail.com,2109876543.0,"Ahmedabad, Gujarat",True,anjali@gmail.com
Priya Singh,sunita@gmail.com,3210987654.0,"Pune, Maharashtra",True,sunita@gmail.com
Anjali Yadav,suresh@yahoo.com,4321098765.0,"Ahmedabad, Gujarat",True,suresh@yahoo.com
Ravi Patel,rahul@outlook.com,3210987654.0,"Kolkata, West Bengal",True,rahul@outlook.com
Amit Sharma,anjali@rediffmail.com,1098765432.0,"Hyderabad, Telangana",True,anjali@gmail.com
Pooja Mehta,suresh@yahoo.com,3210987654.0,"Mumbai, Maharashtra",True,suresh@yahoo.com
Sunita Joshi,sunita@gmail.com,6543210987.0,"Ahmedabad, Gujarat",True,sunita@gmail.com
Anjali Yadav,ravi@outlook.com,8765432109.0,"Jaipur, Rajasthan",True,ravi@outlook.com
Vikram Rao,rahul@outlook.com,7654321098.0,"Jaipur, Rajasthan",True,rahul@outlook.com
Anjali Yadav,pooja@outlook.com,9876543210.0,"Chennai, Tamil Nadu",True,pooja@outlook.com
Priya Singh,vikram@yahoo.com,3210987654.0,"Lucknow, Uttar Pradesh",True,vikram@yahoo.com
Anjali Yadav,vikram@yahoo.com,9876543210.0,"Chennai, Tamil Nadu",True,vikram@yahoo.com
Amit Sharma,sunita@gmail.com,7654321098.0,"Kolkata, West Bengal",True,sunita@gmail.com
Anjali Yadav,rahul@outlook.com,2109876543.0,"Ahmedabad, Gujarat",True,rahul@outlook.com
Vikram Rao,amit@gmail.com,8765432109.0,"Ahmedabad, Gujarat",True,amit@gmail.com
Ravi Patel,neha@gmail.com,1098765432.0,"Lucknow, Uttar Pradesh",True,neha@gmail.com
Pooja Mehta,rahul@outlook.com,1098765432.0,"Jaipur, Rajasthan",True,rahul@outlook.com
Priya Singh,neha@gmail.com,4321098765.0,"Kolkata, West Bengal",True,neha@gmail.com
Sunita Joshi,rahul@outlook.com,1098765432.0,"Bangalore, Karnataka",True,rahul@outlook.com
Amit Sharma,suresh@yahoo.com,2109876543.0,"Lucknow, Uttar Pradesh",True,suresh@yahoo.com
Vikram Rao,suresh@yahoo.com,1098765432.0,"Delhi, Delhi",True,suresh@yahoo.com
Sunita Joshi,vikram@yahoo.com,7654321098.0,"Pune, Maharashtra",True,vikram@yahoo.com
Sunita Joshi,pooja@outlook.com,1098765432.0,"Ahmedabad, Gujarat",True,pooja@outlook.com
Anjali Yadav,suresh@yahoo.com,2109876543.0,"Jaipur, Rajasthan",True,suresh@yahoo.com
Vikram Rao,neha@gmail.com,8765432109.0,"Bangalore, Karnataka",True,neha@gmail.com
Pooja Mehta,priya@yahoo.com,5432109876.0,"Ahmedabad, Gujarat",True,priya@yahoo.com
Ravi Patel,rahul@outlook.com,7654321098.0,"Bangalore, Karnataka",True,rahul@outlook.com
Anjali Yadav,vikram@yahoo.com,9988776655.0,"Ahmedabad, Gujarat",True,vikram@yahoo.com
Suresh Kumar,priya@yahoo.com,2109876543.0,"Lucknow, Uttar Pradesh",True,priya@yahoo.com
Anjali Yadav,vikram@yahoo.com,3210987654.0,"Kolkata, West Bengal",True,vikram@yahoo.com
Rahul Verma,ravi@outlook.com,7654321098.0,"Chennai, Tamil Nadu",True,ravi@outlook.com
Pooja Mehta,suresh@yahoo.com,7654321098.0,"Ahmedabad, Gujarat",True,suresh@yahoo.com
Priya Singh,sunita@gmail.com,9876543210.0,"Delhi, Delhi",True,sunita@gmail.com
Anjali Yadav,rahul@outlook.com,3210987654.0,"Ahmedabad, Gujarat",True,rahul@outlook.com
Sunita Joshi,vikram@yahoo.com,4321098765.0,"Chennai, Tamil Nadu",True,vikram@yahoo.com
Anjali Yadav,amit@gmail.com,1098765432.0,"Mumbai, Maharashtra",True,amit@gmail.com
Neha Gupta,priya@yahoo.com,8765432109.0,"Chennai, Tamil Nadu",True,priya@yahoo.com
Anjali Yadav,neha@gmail.com,6543210987.0,"Ahmedabad, Gujarat",True,neha@gmail.com
Vikram Rao,rahul@outlook.com,5432109876.0,"Ahmedabad, Gujarat",True,rahul@outlook.com
Vikram Rao,sunita@gmail.com,7654321098.0,"Kolkata, West Bengal",True,sunita@gmail.com
Amit Sharma,vikram@yahoo.com,5432109876.0,"Jaipur, Rajasthan",True,vikram@yahoo.com
Priya Singh,pooja@outlook.com,3210987654.0,"Ahmedabad, Gujarat",True,pooja@outlook.com
Amit Sharma,ravi@outlook.com,7654321098.0,"Kolkata, West Bengal",True,ravi@outlook.com
Anjali Yadav,neha@gmail.com,9988776655.0,"Jaipur, Rajasthan",True,neha@gmail.com
Amit Sharma,rahul@outlook.com,9988776655.0,"Pune, Maharashtra",True,rahul@outlook.com
Sunita Joshi,ravi@outlook.com,2109876543.0,"Kolkata, West Bengal",True,ravi@outlook.com
Anjali Yadav,amit@gmail.com,2109876543.0,"Ahmedabad, Gujarat",True,amit@gmail.com
Ravi Patel,pooja@outlook.com,9876543210.0,"Delhi, Delhi",True,pooja@outlook.com
Anjali Yadav,amit@gmail.com,2109876543.0,"Kolkata, West Bengal",True,amit@gmail.com
Rahul Verma,anjali@rediffmail.com,5432109876.0,"Ahmedabad, Gujarat",True,anjali@gmail.com
Sunita Joshi,pooja@outlook.com,4321098765.0,"Chennai, Tamil Nadu",True,pooja@outlook.com
Anjali Yadav,priya@yahoo.com,7654321098.0,"Pune, Maharashtra",True,priya@yahoo.com
Ravi Patel,vikram@yahoo.com,2109876543.0,"Hyderabad, Telangana",True,vikram@yahoo.com
Suresh Kumar,suresh@yahoo.com,9988776655.0,"Ahmedabad, Gujarat",True,suresh@yahoo.com
Anjali Yadav,neha@gmail.com,5432109876.0,"Mumbai, Maharashtra",True,neha@gmail.com
Pooja Mehta,sunita@gmail.com,9876543210.0,"Lucknow, Uttar Pradesh",True,sunita@gmail.com
Amit Sharma,sunita@gmail.com,8765432109.0,"Delhi, Delhi",True,sunita@gmail.com
Amit Sharma,suresh@yahoo.com,8765432109.0,"Lucknow, Uttar Pradesh",True,suresh@yahoo.com
Anjali Yadav,ravi@outlook.com,5432109876.0,"Kolkata, West Bengal",True,ravi@outlook.com
Amit Sharma,priya@yahoo.com,8765432109.0,"Ahmedabad, Gujarat",True,priya@yahoo.com
Neha Gupta,vikram@yahoo.com,2109876543.0,"Lucknow, Uttar Pradesh",True,vikram@yahoo.com
Neha Gupta,rahul@outlook.com,7654321098.0,"Bangalore, Karnataka",True,rahul@outlook.com
Anjali Yadav,ravi@outlook.com,4321098765.0,"Jaipur, Rajasthan",True,ravi@outlook.com
Rahul Verma,amit@gmail.com,6543210987.0,"Ahmedabad, Gujarat",True,amit@gmail.com
Anjali Yadav,priya@yahoo.com,8765432109.0,"Kolkata, West Bengal",True,priya@yahoo.com
Anjali Yadav,neha@gmail.com,6543210987.0,"Lucknow, Uttar Pradesh",True,neha@gmail.com
Rahul Verma,suresh@yahoo.com,1098765432.0,"Ahmedabad, Gujarat",True,suresh@yahoo.com
Amit Sharma,pooja@outlook.com,1098765432.0,"Ahmedabad, Gujarat",True,pooja@outlook.com
Rahul Verma,pooja@outlook.com,9988776655.0,"Ahmedabad, Gujarat",True,pooja@outlook.com
Vikram Rao,rahul@outlook.com,4321098765.0,"Ahmedabad, Gujarat",True,rahul@outlook.com
Anjali Yadav,neha@gmail.com,8765432109.0,"Ahmedabad, Gujarat",True,neha@gmail.com
Rahul Verma,anjali@rediffmail.com,6543210987.0,"Jaipur, Rajasthan",True,anjali@gmail.com
Sunita Joshi,priya@yahoo.com,1098765432.0,"Hyderabad, Telangana",True,priya@yahoo.com
Sunita Joshi,vikram@yahoo.com,6543210987.0,"Chennai, Tamil Nadu",True,vikram@yahoo.com
Sunita Joshi,rahul@outlook.com,7654321098.0,"Hyderabad, Telangana",True,rahul@outlook.com
Vikram Rao,suresh@yahoo.com,9876543210.0,"Ahmedabad, Gujarat",True,suresh@yahoo.com
Neha Gupta,neha@gmail.com,6543210987.0,"Kolkata, West Bengal",True,neha@gmail.com
Sunita Joshi,neha@gmail.com,8765432109.0,"Ahmedabad, Gujarat",True,neha@gmail.com
Anjali Yadav,priya@yahoo.com,9876543210.0,"Mumbai, Maharashtra",True,priya@yahoo.com
Vikram Rao,ravi@outlook.com,2109876543.0,"Bangalore, Karnataka",True,ravi@outlook.com
Priya Singh,sunita@gmail.com,9988776655.0,"Lucknow, Uttar Pradesh",True,sunita@gmail.com
Suresh Kumar,anjali@rediffmail.com,8765432109.0,"Bangalore, Karnataka",True,anjali@gmail.com
Neha Gupta,rahul@outlook.com,1098765432.0,"Lucknow, Uttar Pradesh",True,rahul@outlook.com
Suresh Kumar,pooja@outlook.com,3210987654.0,"Pune, Maharashtra",True,pooja@outlook.com
Amit Sharma,rahul@outlook.com,2109876543.0,"Ahmedabad, Gujarat",True,rahul@outlook.com
Vikram Rao,sunita@gmail.com,3210987654.0,"Jaipur, Rajasthan",True,sunita@gmail.com
Vikram Rao,neha@gmail.com,1098765432.0,"Ahmedabad, Gujarat",True,neha@gmail.com
Suresh Kumar,ravi@outlook.com,2109876543.0,"Kolkata, West Bengal",True,ravi@outlook.com
Vikram Rao,rahul@outlook.com,1098765432.0,"Ahmedabad, Gujarat",True,rahul@outlook.com
Pooja Mehta,rahul@outlook.com,4321098765.0,"Hyderabad, Telangana",True,rahul@outlook.com
Vikram Rao,ravi@outlook.com,7654321098.0,"Ahmedabad, Gujarat",True,ravi@outlook.com
Vikram Rao,sunita@gmail.com,7654321098.0,"Pune, Maharashtra",True,sunita@gmail.com
Anjali Yadav,rahul@outlook.com,8765432109.0,"Bangalore, Karnataka",True,rahul@outlook.com
Suresh Kumar,suresh@yahoo.com,6543210987.0,"Pune, Maharashtra",True,suresh@yahoo.com
Priya Singh,suresh@yahoo.com,2109876543.0,"Chennai, Tamil Nadu",True,suresh@yahoo.com
Pooja Mehta,vikram@yahoo.com,7654321098.0,"Bangalore, Karnataka",True,vikram@yahoo.com
Anjali Yadav,vikram@yahoo.com,8765432109.0,"Delhi, Delhi",True,vikram@yahoo.com
Amit Sharma,vikram@yahoo.com,2109876543.0,"Kolkata, West Bengal",True,vikram@yahoo.com
Neha Gupta,pooja@outlook.com,2109876543.0,"Pune, Maharashtra",True,pooja@outlook.com
Sunita Joshi,rahul@outlook.com,4321098765.0,"Hyderabad, Telangana",True,rahul@outlook.com
Sunita Joshi,ravi@outlook.com,3210987654.0,"Bangalore, Karnataka",True,ravi@outlook.com
Ravi Patel,pooja@outlook.com,1098765432.0,"Ahmedabad, Gujarat",True,pooja@outlook.com
Sunita Joshi,priya@yahoo.com,9988776655.0,"Kolkata, West Bengal",True,priya@yahoo.com
Priya Singh,rahul@outlook.com,3210987654.0,"Delhi, Delhi",True,rahul@outlook.com
Pooja Mehta,sunita@gmail.com,1098765432.0,"Jaipur, Rajasthan",True,sunita@gmail.com
Rahul Verma,pooja@outlook.com,7654321098.0,"Ahmedabad, Gujarat",True,pooja@outlook.com
Pooja Mehta,suresh@yahoo.com,5432109876.0,"Pune, Maharashtra",True,suresh@yahoo.com
Rahul Verma,pooja@outlook.com,8765432109.0,"Ahmedabad, Gujarat",True,pooja@outlook.com
Priya Singh,rahul@outlook.com,1098765432.0,"Delhi, Delhi",True,rahul@outlook.com
Neha Gupta,suresh@yahoo.com,8765432109.0,"Ahmedabad, Gujarat",True,suresh@yahoo.com
Neha Gupta,ravi@outlook.com,4321098765.0,"Hyderabad, Telangana",True,ravi@outlook.com
Vikram Rao,suresh@yahoo.com,4321098765.0,"Ahmedabad, Gujarat",True,suresh@yahoo.com
Neha Gupta,rahul@outlook.com,7654321098.0,"Jaipur, Rajasthan",True,rahul@outlook.com
Suresh Kumar,rahul@outlook.com,7654321098.0,"Hyderabad, Telangana",True,rahul@outlook.com
Pooja Mehta,suresh@yahoo.com,8765432109.0,"Delhi, Delhi",True,suresh@yahoo.com
Neha Gupta,amit@gmail.com,4321098765.0,"Hyderabad, Telangana",True,amit@gmail.com
Anjali Yadav,pooja@outlook.com,4321098765.0,"Mumbai, Maharashtra",True,pooja@outlook.com
Anjali Yadav,rahul@outlook.com,4321098765.0,"Lucknow, Uttar Pradesh",True,rahul@outlook.com
Priya Singh,neha@gmail.com,2109876543.0,"Ahmedabad, Gujarat",True,neha@gmail.com
Ravi Patel,neha@gmail.com,4321098765.0,"Kolkata, West Bengal",True,neha@gmail.com
Sunita Joshi,rahul@outlook.com,2109876543.0,"Hyderabad, Telangana",True,rahul@outlook.com
Rahul Verma,priya@yahoo.com,5432109876.0,"Ahmedabad, Gujarat",True,priya@yahoo.com
Priya Singh,suresh@yahoo.com,3210987654.0,"Jaipur, Rajasthan",True,suresh@yahoo.com
Suresh Kumar,rahul@outlook.com,8765432109.0,"Mumbai, Maharashtra",True,rahul@outlook.com
Vikram Rao,vikram@yahoo.com,4321098765.0,"Ahmedabad, Gujarat",True,vikram@yahoo.com
Anjali Yadav,rahul@outlook.com,2109876543.0,"Delhi, Delhi",True,rahul@outlook.com
Pooja Mehta,suresh@yahoo.com,6543210987.0,"Chennai, Tamil Nadu",True,suresh@yahoo.com
Suresh Kumar,pooja@outlook.com,6543210987.0,"Pune, Maharashtra",True,pooja@outlook.com
Pooja Mehta,anjali@rediffmail.com,9876543210.0,"Chennai, Tamil Nadu",True,anjali@gmail.com
Amit Sharma,priya@yahoo.com,8765432109.0,"Pune, Maharashtra",True,priya@yahoo.com
Anjali Yadav,priya@yahoo.com,2109876543.0,"Bangalore, Karnataka",True,priya@yahoo.com
Suresh Kumar,ravi@outlook.com,4321098765.0,"Delhi, Delhi",True,ravi@outlook.com
Suresh Kumar,anjali@rediffmail.com,1098765432.0,"Mumbai, Maharashtra",True,anjali@gmail.com
Anjali Yadav,priya@yahoo.com,7654321098.0,"Ahmedabad, Gujarat",True,priya@yahoo.com
Anjali Yadav,rahul@outlook.com,7654321098.0,"Ahmedabad, Gujarat",True,rahul@outlook.com
Suresh Kumar,amit@gmail.com,7654321098.0,"Ahmedabad, Gujarat",True,amit@gmail.com
Anjali Yadav,sunita@gmail.com,1098765432.0,"Bangalore, Karnataka",True,sunita@gmail.com
Priya Singh,rahul@outlook.com,6543210987.0,"Jaipur, Rajasthan",True,rahul@outlook.com
Anjali Yadav,rahul@outlook.com,9988776655.0,"Hyderabad, Telangana",True,rahul@outlook.com
Pooja Mehta,anjali@rediffmail.com,9876543210.0,"Hyderabad, Telangana",True,anjali@gmail.com
Neha Gupta,rahul@outlook.com,7654321098.0,"Delhi, Delhi",True,rahul@outlook.com
Pooja Mehta,priya@yahoo.com,1098765432.0,"Hyderabad, Telangana",True,priya@yahoo.com
Priya Singh,anjali@rediffmail.com,3210987654.0,"Pune, Maharashtra",True,anjali@gmail.com
Suresh Kumar,pooja@outlook.com,2109876543.0,"Ahmedabad, Gujarat",True,pooja@outlook.com
Ravi Patel,anjali@rediffmail.com,3210987654.0,"Mumbai, Maharashtra",True,anjali@gmail.com
Suresh Kumar,anjali@rediffmail.com,4321098765.0,"Pune, Maharashtra",True,anjali@gmail.com
Rahul Verma,suresh@yahoo.com,9988776655.0,"Mumbai, Maharashtra",True,suresh@yahoo.com
Neha Gupta,priya@yahoo.com,9988776655.0,"Ahmedabad, Gujarat",True,priya@yahoo.com
Amit Sharma,sunita@gmail.com,2109876543.0,"Hyderabad, Telangana",True,sunita@gmail.com
Anjali Yadav,suresh@yahoo.com,4321098765.0,"Ahmedabad, Gujarat",True,suresh@yahoo.com
Anjali Yadav,priya@yahoo.com,1098765432.0,"Hyderabad, Telangana",True,priya@yahoo.com
Anjali Yadav,priya@yahoo.com,5432109876.0,"Ahmedabad, Gujarat",True,priya@yahoo.com
Suresh Kumar,ravi@outlook.com,5432109876.0,"Mumbai, Maharashtra",True,ravi@outlook.com
Rahul Verma,sunita@gmail.com,6543210987.0,"Kolkata, West Bengal",True,sunita@gmail.com
Vikram Rao,ravi@outlook.com,5432109876.0,"Bangalore, Karnataka",True,ravi@outlook.com
Suresh Kumar,priya@yahoo.com,3210987654.0,"Delhi, Delhi",True,priya@yahoo.com
Anjali Yadav,suresh@yahoo.com,1098765432.0,"Ahmedabad, Gujarat",True,suresh@yahoo.com
Anjali Yadav,rahul@outlook.com,1098765432.0,"Kolkata, West Bengal",True,rahul@outlook.com
Anjali Yadav,suresh@yahoo.com,8765432109.0,"Pune, Maharashtra",True,suresh@yahoo.com
Amit Sharma,suresh@yahoo.com,1098765432.0,"Pune, Maharashtra",True,suresh@yahoo.com
Ravi Patel,rahul@outlook.com,1098765432.0,"Kolkata, West Bengal",True,rahul@outlook.com
Pooja Mehta,pooja@outlook.com,1098765432.0,"Lucknow, Uttar Pradesh",True,pooja@outlook.com
Vikram Rao,suresh@yahoo.com,8765432109.0,"Delhi, Delhi",True,suresh@yahoo.com
Anjali Yadav,vikram@yahoo.com,4321098765.0,"Ahmedabad, Gujarat",True,vikram@yahoo.com
Suresh Kumar,ravi@outlook.com,3210987654.0,"Jaipur, Rajasthan",True,ravi@outlook.com
Rahul Verma,pooja@outlook.com,7654321098.0,"Hyderabad, Telangana",True,pooja@outlook.com
Anjali Yadav,amit@gmail.com,8765432109.0,"Pune, Maharashtra",True,amit@gmail.com
Anjali Yadav,rahul@outlook.com,1098765432.0,"Kolkata, West Bengal",True,rahul@outlook.com
Rahul Verma,rahul@outlook.com,2109876543.0,"Delhi, Delhi",True,rahul@outlook.com
Rahul Verma,pooja@outlook.com,6543210987.0,"Mumbai, Maharashtra",True,pooja@outlook.com
Anjali Yadav,rahul@outlook.com,1098765432.0,"Bangalore, Karnataka",True,rahul@outlook.com
Rahul Verma,amit@gmail.com,1098765432.0,"Bangalore, Karnataka",True,amit@gmail.com
Neha Gupta,pooja@outlook.com,7654321098.0,"Pune, Maharashtra",True,pooja@outlook.com
Suresh Kumar,sunita@gmail.com,2109876543.0,"Kolkata, West Bengal",True,sunita@gmail.com
Ravi Patel,amit@gmail.com,6543210987.0,"Chennai, Tamil Nadu",True,amit@gmail.com
Suresh Kumar,anjali@rediffmail.com,5432109876.0,"Delhi, Delhi",True,anjali@gmail.com
Pooja Mehta,rahul@outlook.com,8765432109.0,"Delhi, Delhi",True,rahul@outlook.com
Sunita Joshi,suresh@yahoo.com,5432109876.0,"Kolkata, West Bengal",True,suresh@yahoo.com
Vikram Rao,suresh@yahoo.com,5432109876.0,"Ahmedabad, Gujarat",True,suresh@yahoo.com
Sunita Joshi,rahul@outlook.com,8765432109.0,"Chennai, Tamil Nadu",True,rahul@outlook.com
Sunita Joshi,amit@gmail.com,1098765432.0,"Pune, Maharashtra",True,amit@gmail.com
Ravi Patel,vikram@yahoo.com,9876543210.0,"Ahmedabad, Gujarat",True,vikram@yahoo.com
Sunita Joshi,rahul@outlook.com,9988776655.0,"Hyderabad, Telangana",True,rahul@outlook.com
Ravi Patel,amit@gmail.com,3210987654.0,"Hyderabad, Telangana",True,amit@gmail.com
Anjali Yadav,neha@gmail.com,5432109876.0,"Ahmedabad, Gujarat",True,neha@gmail.com
Priya Singh,priya@yahoo.com,9876543210.0,"Ahmedabad, Gujarat",True,priya@yahoo.com
Pooja Mehta,anjali@rediffmail.com,2109876543.0,"Lucknow, Uttar Pradesh",True,anjali@gmail.com
Sunita Joshi,pooja@outlook.com,2109876543.0,"Jaipur, Rajasthan",True,pooja@outlook.com
Amit Sharma,rahul@outlook.com,4321098765.0,"Hyderabad, Telangana",True,rahul@outlook.com
Vikram Rao,anjali@rediffmail.com,2109876543.0,"Ahmedabad, Gujarat",True,anjali@gmail.com
Anjali Yadav,priya@yahoo.com,9876543210.0,"Lucknow, Uttar Pradesh",True,priya@yahoo.com
Priya Singh,anjali@rediffmail.com,6543210987.0,"Ahmedabad, Gujarat",True,anjali@gmail.com
Suresh Kumar,vikram@yahoo.com,3210987654.0,"Lucknow, Uttar Pradesh",True,vikram@yahoo.com
Anjali Yadav,neha@gmail.com,5432109876.0,"Ahmedabad, Gujarat",True,neha@gmail.com
Ravi Patel,vikram@yahoo.com,6543210987.0,"Kolkata, West Bengal",True,vikram@yahoo.com
Rahul Verma,ravi@outlook.com,8765432109.0,"Lucknow, Uttar Pradesh",True,ravi@outlook.com
Priya Singh,ravi@outlook.com,2109876543.0,"Jaipur, Rajasthan",True,ravi@outlook.com
Neha Gupta,vikram@yahoo.com,2109876543.0,"Pune, Maharashtra",True,vikram@yahoo.com
Vikram Rao,neha@gmail.com,9876543210.0,"Ahmedabad, Gujarat",True,neha@gmail.com
Amit Sharma,amit@gmail.com,4321098765.0,"Delhi, Delhi",True,amit@gmail.com
Rahul Verma,suresh@yahoo.com,1098765432.0,"Chennai, Tamil Nadu",True,suresh@yahoo.com
Vikram Rao,ravi@outlook.com,1098765432.0,"Chennai, Tamil Nadu",True,ravi@outlook.com
Anjali Yadav,amit@gmail.com,2109876543.0,"Lucknow, Uttar Pradesh",True,amit@gmail.com
Priya Singh,ravi@outlook.com,1098765432.0,"Mumbai, Maharashtra",True,ravi@outlook.com
Pooja Mehta,rahul@outlook.com,3210987654.0,"Mumbai, Maharashtra",True,rahul@outlook.com
Vikram Rao,priya@yahoo.com,6543210987.0,"Hyderabad, Telangana",True,priya@yahoo.com
Anjali Yadav,neha@gmail.com,9876543210.0,"Ahmedabad, Gujarat",True,neha@gmail.com
Neha Gupta,rahul@outlook.com,7654321098.0,"Delhi, Delhi",True,rahul@outlook.com
Priya Singh,priya@yahoo.com,1098765432.0,"Kolkata, West Bengal",True,priya@yahoo.com
Anjali Yadav,anjali@rediffmail.com,1098765432.0,"Lucknow, Uttar Pradesh",True,anjali@gmail.com
Anjali Yadav,vikram@yahoo.com,8765432109.0,"Pune, Maharashtra",True,vikram@yahoo.com
Rahul Verma,vikram@yahoo.com,7654321098.0,"Delhi, Delhi",True,vikram@yahoo.com
Ravi Patel,rahul@outlook.com,6543210987.0,"Ahmedabad, Gujarat",True,rahul@outlook.com
Vikram Rao,anjali@rediffmail.com,6543210987.0,"Lucknow, Uttar Pradesh",True,anjali@gmail.com
Rahul Verma,vikram@yahoo.com,1098765432.0,"Kolkata, West Bengal",True,vikram@yahoo.com
Pooja Mehta,rahul@outlook.com,9876543210.0,"Mumbai, Maharashtra",True,rahul@outlook.com
Suresh Kumar,amit@gmail.com,4321098765.0,"Ahmedabad, Gujarat",True,amit@gmail.com
Anjali Yadav,vikram@yahoo.com,3210987654.0,"Lucknow, Uttar Pradesh",True,vikram@yahoo.com
Rahul Verma,anjali@rediffmail.com,1098765432.0,"Hyderabad, Telangana",True,anjali@gmail.com
Sunita Joshi,sunita@gmail.com,7654321098.0,"Lucknow, Uttar Pradesh",True,sunita@gmail.com
Pooja Mehta,anjali@rediffmail.com,1098765432.0,"Lucknow, Uttar Pradesh",True,anjali@gmail.com
Suresh Kumar,vikram@yahoo.com,6543210987.0,"Delhi, Delhi",True,vikram@yahoo.com
Anjali Yadav,suresh@yahoo.com,2109876543.0,"Mumbai, Maharashtra",True,suresh@yahoo.com
Anjali Yadav,sunita@gmail.com,1098765432.0,"Kolkata, West Bengal",True,sunita@gmail.com
Anjali Yadav,suresh@yahoo.com,9988776655.0,"Chennai, Tamil Nadu",True,suresh@yahoo.com
Sunita Joshi,rahul@outlook.com,6543210987.0,"Bangalore, Karnataka",True,rahul@outlook.com
Suresh Kumar,ravi@outlook.com,4321098765.0,"Chennai, Tamil Nadu",True,ravi@outlook.com
Anjali Yadav,anjali@rediffmail.com,5432109876.0,"Mumbai, Maharashtra",True,anjali@gmail.com
Rahul Verma,rahul@outlook.com,3210987654.0,"Ahmedabad, Gujarat",True,rahul@outlook.com
Ravi Patel,suresh@yahoo.com,2109876543.0,"Bangalore, Karnataka",True,suresh@yahoo.com
Sunita Joshi,vikram@yahoo.com,7654321098.0,"Bangalore, Karnataka",True,vikram@yahoo.com
Anjali Yadav,priya@yahoo.com,7654321098.0,"Ahmedabad, Gujarat",True,priya@yahoo.com
